ASGD,1,2,47,1,86.9170150756836,0.010571002960205,7,86.67700958251953,9,10,11,12,"{'hidden_layer_sizes': (3, 4), 'optimizer_name': 'RMSprop', 'learning_rate': 0.005}",20.0
ASGD,1,2,47,2,86.89771728515625,0.0100412368774414,7,86.65591430664062,9,10,11,12,"{'hidden_layer_sizes': (3, 4), 'optimizer_name': 'RMSprop', 'learning_rate': 0.005}",22.0
ASGD,1,2,47,3,86.87620468139649,0.0088398456573486,7,86.6350326538086,9,10,11,12,"{'hidden_layer_sizes': (3, 4), 'optimizer_name': 'RMSprop', 'learning_rate': 0.005}",22.0
ASGD,1,2,47,4,86.85522079467773,0.0085566043853759,7,86.61448669433594,9,10,11,12,"{'hidden_layer_sizes': (3, 4), 'optimizer_name': 'RMSprop', 'learning_rate': 0.005}",22.0
ASGD,1,2,47,5,86.83470764160157,0.009089708328247,7,86.59437561035156,9,10,11,12,"{'hidden_layer_sizes': (3, 4), 'optimizer_name': 'RMSprop', 'learning_rate': 0.005}",22.0
ASGD,1,2,47,6,86.81678695678711,0.0099503993988037,7,86.57478332519531,9,10,11,12,"{'hidden_layer_sizes': (3, 4), 'optimizer_name': 'RMSprop', 'learning_rate': 0.005}",22.0
ASGD,1,2,47,7,86.79613723754883,0.0092427730560302,7,86.55579376220703,9,10,11,12,"{'hidden_layer_sizes': (3, 4), 'optimizer_name': 'RMSprop', 'learning_rate': 0.005}",22.0
ASGD,1,2,47,8,86.77743606567383,0.0082769393920898,7,86.5374526977539,9,10,11,12,"{'hidden_layer_sizes': (3, 4), 'optimizer_name': 'RMSprop', 'learning_rate': 0.005}",22.0
ASGD,1,2,47,9,86.75935211181641,0.0098369121551513,7,86.51983642578125,9,10,11,12,"{'hidden_layer_sizes': (3, 4), 'optimizer_name': 'RMSprop', 'learning_rate': 0.005}",22.0
ASGD,1,2,47,10,86.74080123901368,0.0095720291137695,7,86.50297546386719,9,10,11,12,"{'hidden_layer_sizes': (3, 4), 'optimizer_name': 'RMSprop', 'learning_rate': 0.005}",22.0
ASGD,1,2,47,11,86.7246482849121,0.0085232257843017,7,86.48687744140625,9,10,11,12,"{'hidden_layer_sizes': (3, 4), 'optimizer_name': 'RMSprop', 'learning_rate': 0.005}",22.0
ASGD,1,2,47,12,86.70963897705079,0.0088188648223876,7,86.4715805053711,9,10,11,12,"{'hidden_layer_sizes': (3, 4), 'optimizer_name': 'RMSprop', 'learning_rate': 0.005}",22.0
ASGD,1,2,47,13,86.69579162597657,0.0093975067138671,7,86.45707702636719,9,10,11,12,"{'hidden_layer_sizes': (3, 4), 'optimizer_name': 'RMSprop', 'learning_rate': 0.005}",22.0
ASGD,1,2,47,14,86.68093643188476,0.0093872547149658,7,86.443359375,9,10,11,12,"{'hidden_layer_sizes': (3, 4), 'optimizer_name': 'RMSprop', 'learning_rate': 0.005}",22.0
ASGD,1,2,47,15,86.66855545043946,0.0104086399078369,7,86.43041229248047,9,10,11,12,"{'hidden_layer_sizes': (3, 4), 'optimizer_name': 'RMSprop', 'learning_rate': 0.005}",22.0
ASGD,1,2,47,16,86.65519256591797,0.0084097385406494,7,86.41822052001953,9,10,11,12,"{'hidden_layer_sizes': (3, 4), 'optimizer_name': 'RMSprop', 'learning_rate': 0.005}",22.0
ASGD,1,2,47,17,86.64272994995117,0.0093801021575927,7,86.40675354003906,9,10,11,12,"{'hidden_layer_sizes': (3, 4), 'optimizer_name': 'RMSprop', 'learning_rate': 0.005}",22.0
ASGD,1,2,47,18,86.63249816894532,0.0099215507507324,7,86.39599609375,9,10,11,12,"{'hidden_layer_sizes': (3, 4), 'optimizer_name': 'RMSprop', 'learning_rate': 0.005}",22.0
ASGD,1,2,47,19,86.62080001831055,0.0128841400146484,7,86.38589477539062,9,10,11,12,"{'hidden_layer_sizes': (3, 4), 'optimizer_name': 'RMSprop', 'learning_rate': 0.005}",22.0
ASGD,1,2,47,20,86.61321334838867,0.0112171173095703,7,86.37642669677734,9,10,11,12,"{'hidden_layer_sizes': (3, 4), 'optimizer_name': 'RMSprop', 'learning_rate': 0.005}",22.0
ASGD,1,2,47,21,86.60156631469727,0.0117945671081542,7,86.36756134033203,9,10,11,12,"{'hidden_layer_sizes': (3, 4), 'optimizer_name': 'RMSprop', 'learning_rate': 0.005}",22.0
ASGD,1,2,47,22,86.59122467041016,0.0108039379119873,7,86.35926055908203,9,10,11,12,"{'hidden_layer_sizes': (3, 4), 'optimizer_name': 'RMSprop', 'learning_rate': 0.005}",22.0
ASGD,1,2,47,23,86.58363647460938,0.0113601684570312,7,86.35148620605469,9,10,11,12,"{'hidden_layer_sizes': (3, 4), 'optimizer_name': 'RMSprop', 'learning_rate': 0.005}",22.0
ASGD,1,2,47,24,86.5783088684082,0.0103111267089843,7,86.3442153930664,9,10,11,12,"{'hidden_layer_sizes': (3, 4), 'optimizer_name': 'RMSprop', 'learning_rate': 0.005}",22.0
ASGD,1,2,47,25,86.57201461791992,0.0093743801116943,7,86.33739471435547,9,10,11,12,"{'hidden_layer_sizes': (3, 4), 'optimizer_name': 'RMSprop', 'learning_rate': 0.005}",22.0
ASGD,1,2,47,26,86.56468887329102,0.0088419914245605,7,86.33101654052734,9,10,11,12,"{'hidden_layer_sizes': (3, 4), 'optimizer_name': 'RMSprop', 'learning_rate': 0.005}",22.0
ASGD,1,2,47,27,86.55901107788085,0.009890079498291,7,86.32503509521484,9,10,11,12,"{'hidden_layer_sizes': (3, 4), 'optimizer_name': 'RMSprop', 'learning_rate': 0.005}",22.0
ASGD,1,2,47,28,86.55178985595703,0.0097577571868896,7,86.3194351196289,9,10,11,12,"{'hidden_layer_sizes': (3, 4), 'optimizer_name': 'RMSprop', 'learning_rate': 0.005}",22.0
ASGD,1,2,47,29,86.5469253540039,0.008338451385498,7,86.31417846679688,9,10,11,12,"{'hidden_layer_sizes': (3, 4), 'optimizer_name': 'RMSprop', 'learning_rate': 0.005}",22.0
ASGD,1,2,47,30,86.5400016784668,0.0086240768432617,7,86.30925750732422,9,10,11,12,"{'hidden_layer_sizes': (3, 4), 'optimizer_name': 'RMSprop', 'learning_rate': 0.005}",22.0
ASGD,1,2,47,31,86.53641510009766,0.0083403587341308,7,86.30462646484375,9,10,11,12,"{'hidden_layer_sizes': (3, 4), 'optimizer_name': 'RMSprop', 'learning_rate': 0.005}",22.0
ASGD,1,2,47,32,86.53239593505859,0.0096268653869628,7,86.30027770996094,9,10,11,12,"{'hidden_layer_sizes': (3, 4), 'optimizer_name': 'RMSprop', 'learning_rate': 0.005}",22.0
ASGD,1,2,47,33,86.52649002075195,0.0093405246734619,7,86.29618835449219,9,10,11,12,"{'hidden_layer_sizes': (3, 4), 'optimizer_name': 'RMSprop', 'learning_rate': 0.005}",22.0
ASGD,1,2,47,34,86.52423706054688,0.0101397037506103,7,86.2923355102539,9,10,11,12,"{'hidden_layer_sizes': (3, 4), 'optimizer_name': 'RMSprop', 'learning_rate': 0.005}",22.0
ASGD,1,2,47,35,86.52060470581054,0.0093259811401367,7,86.28871154785156,9,10,11,12,"{'hidden_layer_sizes': (3, 4), 'optimizer_name': 'RMSprop', 'learning_rate': 0.005}",22.0
ASGD,1,2,47,36,86.51770858764648,0.0101604461669921,7,86.28529357910156,9,10,11,12,"{'hidden_layer_sizes': (3, 4), 'optimizer_name': 'RMSprop', 'learning_rate': 0.005}",22.0
ASGD,1,2,47,37,86.51328887939454,0.009429931640625,7,86.28207397460938,9,10,11,12,"{'hidden_layer_sizes': (3, 4), 'optimizer_name': 'RMSprop', 'learning_rate': 0.005}",22.0
ASGD,1,2,47,38,86.51076049804688,0.0096814632415771,7,86.27903747558594,9,10,11,12,"{'hidden_layer_sizes': (3, 4), 'optimizer_name': 'RMSprop', 'learning_rate': 0.005}",22.0
ASGD,1,2,47,39,86.50870742797852,0.0100414752960205,7,86.27616882324219,9,10,11,12,"{'hidden_layer_sizes': (3, 4), 'optimizer_name': 'RMSprop', 'learning_rate': 0.005}",22.0
ASGD,1,2,47,40,86.5059814453125,0.0099949836730957,7,86.27345275878906,9,10,11,12,"{'hidden_layer_sizes': (3, 4), 'optimizer_name': 'RMSprop', 'learning_rate': 0.005}",22.0
ASGD,1,2,47,41,86.50155410766601,0.0098288059234619,7,86.27088165283203,9,10,11,12,"{'hidden_layer_sizes': (3, 4), 'optimizer_name': 'RMSprop', 'learning_rate': 0.005}",22.0
ASGD,1,2,47,42,86.49933013916015,0.009913682937622,7,86.26844787597656,9,10,11,12,"{'hidden_layer_sizes': (3, 4), 'optimizer_name': 'RMSprop', 'learning_rate': 0.005}",22.0
ASGD,1,2,47,43,86.49800720214844,0.0098848342895507,7,86.2661361694336,9,10,11,12,"{'hidden_layer_sizes': (3, 4), 'optimizer_name': 'RMSprop', 'learning_rate': 0.005}",22.0
ASGD,1,2,47,44,86.49381103515626,0.0099663734436035,7,86.26394653320312,9,10,11,12,"{'hidden_layer_sizes': (3, 4), 'optimizer_name': 'RMSprop', 'learning_rate': 0.005}",22.0
ASGD,1,2,47,45,86.49337539672851,0.0090281963348388,7,86.2618637084961,9,10,11,12,"{'hidden_layer_sizes': (3, 4), 'optimizer_name': 'RMSprop', 'learning_rate': 0.005}",22.0
ASGD,1,2,47,46,86.49111557006836,0.0083122253417968,7,86.25989532470703,9,10,11,12,"{'hidden_layer_sizes': (3, 4), 'optimizer_name': 'RMSprop', 'learning_rate': 0.005}",22.0
ASGD,1,2,47,47,86.48763809204101,0.0090196132659912,7,86.25801849365234,9,10,11,12,"{'hidden_layer_sizes': (3, 4), 'optimizer_name': 'RMSprop', 'learning_rate': 0.005}",22.0
ASGD,1,2,47,48,86.48802795410157,0.0102779865264892,7,86.25623321533203,9,10,11,12,"{'hidden_layer_sizes': (3, 4), 'optimizer_name': 'RMSprop', 'learning_rate': 0.005}",22.0
ASGD,1,2,47,49,86.48491897583008,0.0087471008300781,7,86.2545166015625,9,10,11,12,"{'hidden_layer_sizes': (3, 4), 'optimizer_name': 'RMSprop', 'learning_rate': 0.005}",22.0
ASGD,1,2,47,50,86.48148574829102,0.0085761547088623,7,86.2529067993164,9,10,11,12,"{'hidden_layer_sizes': (3, 4), 'optimizer_name': 'RMSprop', 'learning_rate': 0.005}",22.0
ASGD,1,2,47,51,86.48357849121093,0.0086302757263183,7,86.25135803222656,9,10,11,12,"{'hidden_layer_sizes': (3, 4), 'optimizer_name': 'RMSprop', 'learning_rate': 0.005}",22.0
ASGD,1,2,47,52,86.47986755371093,0.0084855556488037,7,86.2498779296875,9,10,11,12,"{'hidden_layer_sizes': (3, 4), 'optimizer_name': 'RMSprop', 'learning_rate': 0.005}",22.0
ASGD,1,2,47,53,86.479833984375,0.0085184574127197,7,86.24845886230469,9,10,11,12,"{'hidden_layer_sizes': (3, 4), 'optimizer_name': 'RMSprop', 'learning_rate': 0.005}",22.0
ASGD,1,2,47,54,86.47909927368164,0.0085985660552978,7,86.24711608886719,9,10,11,12,"{'hidden_layer_sizes': (3, 4), 'optimizer_name': 'RMSprop', 'learning_rate': 0.005}",22.0
ASGD,1,2,47,55,86.47596664428711,0.008068561553955,7,86.24581909179688,9,10,11,12,"{'hidden_layer_sizes': (3, 4), 'optimizer_name': 'RMSprop', 'learning_rate': 0.005}",22.0
ASGD,1,2,47,56,86.47341766357422,0.0091702938079833,7,86.24459838867188,9,10,11,12,"{'hidden_layer_sizes': (3, 4), 'optimizer_name': 'RMSprop', 'learning_rate': 0.005}",22.0
ASGD,1,2,47,57,86.47522506713867,0.0083386898040771,7,86.24341583251953,9,10,11,12,"{'hidden_layer_sizes': (3, 4), 'optimizer_name': 'RMSprop', 'learning_rate': 0.005}",22.0
ASGD,1,2,47,58,86.47284927368165,0.0088391304016113,7,86.24227905273438,9,10,11,12,"{'hidden_layer_sizes': (3, 4), 'optimizer_name': 'RMSprop', 'learning_rate': 0.005}",22.0
ASGD,1,2,47,59,86.47118225097657,0.009366750717163,7,86.24119567871094,9,10,11,12,"{'hidden_layer_sizes': (3, 4), 'optimizer_name': 'RMSprop', 'learning_rate': 0.005}",22.0
ASGD,1,2,47,60,86.47088241577148,0.0086357593536376,7,86.24015045166016,9,10,11,12,"{'hidden_layer_sizes': (3, 4), 'optimizer_name': 'RMSprop', 'learning_rate': 0.005}",22.0
ASGD,1,2,47,61,86.47006301879883,0.0092921257019042,7,86.23915100097656,9,10,11,12,"{'hidden_layer_sizes': (3, 4), 'optimizer_name': 'RMSprop', 'learning_rate': 0.005}",22.0
ASGD,1,2,47,62,86.46855087280274,0.0098869800567626,7,86.23818969726562,9,10,11,12,"{'hidden_layer_sizes': (3, 4), 'optimizer_name': 'RMSprop', 'learning_rate': 0.005}",22.0
ASGD,1,2,47,63,86.46773910522461,0.0100088119506835,7,86.23726654052734,9,10,11,12,"{'hidden_layer_sizes': (3, 4), 'optimizer_name': 'RMSprop', 'learning_rate': 0.005}",22.0
ASGD,1,2,47,64,86.46530609130859,0.0099997520446777,7,86.23637390136719,9,10,11,12,"{'hidden_layer_sizes': (3, 4), 'optimizer_name': 'RMSprop', 'learning_rate': 0.005}",22.0
ASGD,1,2,47,65,86.46366500854492,0.0097355842590332,7,86.23551940917969,9,10,11,12,"{'hidden_layer_sizes': (3, 4), 'optimizer_name': 'RMSprop', 'learning_rate': 0.005}",22.0
ASGD,1,2,47,66,86.46531829833984,0.0105564594268798,7,86.23469543457031,9,10,11,12,"{'hidden_layer_sizes': (3, 4), 'optimizer_name': 'RMSprop', 'learning_rate': 0.005}",22.0
ASGD,1,2,47,67,86.46381912231445,0.0093131065368652,7,86.23390197753906,9,10,11,12,"{'hidden_layer_sizes': (3, 4), 'optimizer_name': 'RMSprop', 'learning_rate': 0.005}",22.0
ASGD,1,2,47,68,86.46397094726562,0.0092637538909912,7,86.23313903808594,9,10,11,12,"{'hidden_layer_sizes': (3, 4), 'optimizer_name': 'RMSprop', 'learning_rate': 0.005}",22.0
ASGD,1,2,47,69,86.46108856201172,0.0104041099548339,7,86.23241424560547,9,10,11,12,"{'hidden_layer_sizes': (3, 4), 'optimizer_name': 'RMSprop', 'learning_rate': 0.005}",22.0
ASGD,1,2,47,70,86.46322021484374,0.0086028575897216,7,86.231689453125,9,10,11,12,"{'hidden_layer_sizes': (3, 4), 'optimizer_name': 'RMSprop', 'learning_rate': 0.005}",22.0
ASGD,1,2,47,71,86.45997314453125,0.0097942352294921,7,86.23101043701172,9,10,11,12,"{'hidden_layer_sizes': (3, 4), 'optimizer_name': 'RMSprop', 'learning_rate': 0.005}",22.0
ASGD,1,2,47,72,86.4610107421875,0.0090603828430175,7,86.2303466796875,9,10,11,12,"{'hidden_layer_sizes': (3, 4), 'optimizer_name': 'RMSprop', 'learning_rate': 0.005}",22.0
ASGD,1,2,47,73,86.45884323120117,0.0097854137420654,7,86.22970581054688,9,10,11,12,"{'hidden_layer_sizes': (3, 4), 'optimizer_name': 'RMSprop', 'learning_rate': 0.005}",22.0
ASGD,1,2,47,74,86.45925674438476,0.0097801685333251,7,86.22908782958984,9,10,11,12,"{'hidden_layer_sizes': (3, 4), 'optimizer_name': 'RMSprop', 'learning_rate': 0.005}",22.0
ASGD,1,2,47,75,86.45951080322266,0.0085690021514892,7,86.22850036621094,9,10,11,12,"{'hidden_layer_sizes': (3, 4), 'optimizer_name': 'RMSprop', 'learning_rate': 0.005}",22.0
ASGD,1,2,47,76,86.45692977905273,0.0083298683166503,7,86.22792053222656,9,10,11,12,"{'hidden_layer_sizes': (3, 4), 'optimizer_name': 'RMSprop', 'learning_rate': 0.005}",22.0
ASGD,1,2,47,77,86.45833587646484,0.0097706317901611,7,86.22735595703125,9,10,11,12,"{'hidden_layer_sizes': (3, 4), 'optimizer_name': 'RMSprop', 'learning_rate': 0.005}",22.0
ASGD,1,2,47,78,86.4579948425293,0.0102849006652832,7,86.22682189941406,9,10,11,12,"{'hidden_layer_sizes': (3, 4), 'optimizer_name': 'RMSprop', 'learning_rate': 0.005}",22.0
ASGD,1,2,47,79,86.45697631835938,0.0098624229431152,7,86.22628784179688,9,10,11,12,"{'hidden_layer_sizes': (3, 4), 'optimizer_name': 'RMSprop', 'learning_rate': 0.005}",22.0
ASGD,1,2,47,80,86.45512084960937,0.0103483200073242,7,86.22578430175781,9,10,11,12,"{'hidden_layer_sizes': (3, 4), 'optimizer_name': 'RMSprop', 'learning_rate': 0.005}",22.0
ASGD,1,2,47,81,86.45359497070312,0.0093381404876708,7,86.22528839111328,9,10,11,12,"{'hidden_layer_sizes': (3, 4), 'optimizer_name': 'RMSprop', 'learning_rate': 0.005}",22.0
ASGD,1,2,47,82,86.4561882019043,0.0087754726409912,7,86.22481536865234,9,10,11,12,"{'hidden_layer_sizes': (3, 4), 'optimizer_name': 'RMSprop', 'learning_rate': 0.005}",22.0
ASGD,1,2,47,83,86.45523605346679,0.0099720954895019,7,86.2243423461914,9,10,11,12,"{'hidden_layer_sizes': (3, 4), 'optimizer_name': 'RMSprop', 'learning_rate': 0.005}",22.0
ASGD,1,2,47,84,86.45316314697266,0.0098824501037597,7,86.22390747070312,9,10,11,12,"{'hidden_layer_sizes': (3, 4), 'optimizer_name': 'RMSprop', 'learning_rate': 0.005}",22.0
ASGD,1,2,47,85,86.45424041748046,0.0098302364349365,7,86.22346496582031,9,10,11,12,"{'hidden_layer_sizes': (3, 4), 'optimizer_name': 'RMSprop', 'learning_rate': 0.005}",22.0
ASGD,1,2,47,86,86.45019989013672,0.0090234279632568,7,86.2230453491211,9,10,11,12,"{'hidden_layer_sizes': (3, 4), 'optimizer_name': 'RMSprop', 'learning_rate': 0.005}",22.0
ASGD,1,2,47,87,86.45118942260743,0.0081105232238769,7,86.2226333618164,9,10,11,12,"{'hidden_layer_sizes': (3, 4), 'optimizer_name': 'RMSprop', 'learning_rate': 0.005}",22.0
ASGD,1,2,47,88,86.45250854492187,0.008786916732788,7,86.22223663330078,9,10,11,12,"{'hidden_layer_sizes': (3, 4), 'optimizer_name': 'RMSprop', 'learning_rate': 0.005}",22.0
ASGD,1,2,47,89,86.45149383544921,0.0099148750305175,7,86.22184753417969,9,10,11,12,"{'hidden_layer_sizes': (3, 4), 'optimizer_name': 'RMSprop', 'learning_rate': 0.005}",22.0
ASGD,1,2,47,90,86.44973449707031,0.0088908672332763,7,86.2214584350586,9,10,11,12,"{'hidden_layer_sizes': (3, 4), 'optimizer_name': 'RMSprop', 'learning_rate': 0.005}",22.0
ASGD,1,2,47,91,86.45023574829102,0.010650634765625,7,86.22109985351562,9,10,11,12,"{'hidden_layer_sizes': (3, 4), 'optimizer_name': 'RMSprop', 'learning_rate': 0.005}",22.0
ASGD,1,2,47,92,86.45149688720703,0.0099983215332031,7,86.22074127197266,9,10,11,12,"{'hidden_layer_sizes': (3, 4), 'optimizer_name': 'RMSprop', 'learning_rate': 0.005}",22.0
ASGD,1,2,47,93,86.4515281677246,0.0090463161468505,7,86.22039794921875,9,10,11,12,"{'hidden_layer_sizes': (3, 4), 'optimizer_name': 'RMSprop', 'learning_rate': 0.005}",22.0
ASGD,1,2,47,94,86.45077972412109,0.008655309677124,7,86.22006225585938,9,10,11,12,"{'hidden_layer_sizes': (3, 4), 'optimizer_name': 'RMSprop', 'learning_rate': 0.005}",22.0
ASGD,1,2,47,95,86.449853515625,0.0096628665924072,7,86.21973419189453,9,10,11,12,"{'hidden_layer_sizes': (3, 4), 'optimizer_name': 'RMSprop', 'learning_rate': 0.005}",22.0
ASGD,1,2,47,96,86.4463119506836,0.00970458984375,7,86.21941375732422,9,10,11,12,"{'hidden_layer_sizes': (3, 4), 'optimizer_name': 'RMSprop', 'learning_rate': 0.005}",22.0
ASGD,1,2,47,97,86.45038452148438,0.0093657970428466,7,86.21910095214844,9,10,11,12,"{'hidden_layer_sizes': (3, 4), 'optimizer_name': 'RMSprop', 'learning_rate': 0.005}",22.0
ASGD,1,2,47,98,86.44836730957032,0.0081744194030761,7,86.21879577636719,9,10,11,12,"{'hidden_layer_sizes': (3, 4), 'optimizer_name': 'RMSprop', 'learning_rate': 0.005}",22.0
ASGD,1,2,47,99,86.44989242553712,0.0085084438323974,7,86.21849822998047,9,10,11,12,"{'hidden_layer_sizes': (3, 4), 'optimizer_name': 'RMSprop', 'learning_rate': 0.005}",22.0
ASGD,1,2,47,100,86.44830551147462,0.0191164016723632,7,86.21820831298828,9,10,11,12,"{'hidden_layer_sizes': (3, 4), 'optimizer_name': 'RMSprop', 'learning_rate': 0.005}",22.0
ASGD,1,2,47,101,86.44784317016601,0.008876085281372,7,86.21792602539062,9,10,11,12,"{'hidden_layer_sizes': (3, 4), 'optimizer_name': 'RMSprop', 'learning_rate': 0.005}",22.0
ASGD,1,2,47,102,86.44725112915039,0.009944200515747,7,86.2176513671875,9,10,11,12,"{'hidden_layer_sizes': (3, 4), 'optimizer_name': 'RMSprop', 'learning_rate': 0.005}",22.0
ASGD,1,2,47,103,86.44855880737305,0.0089573860168457,7,86.2173843383789,9,10,11,12,"{'hidden_layer_sizes': (3, 4), 'optimizer_name': 'RMSprop', 'learning_rate': 0.005}",22.0
ASGD,1,2,47,104,86.4457160949707,0.0085198879241943,7,86.21711730957031,9,10,11,12,"{'hidden_layer_sizes': (3, 4), 'optimizer_name': 'RMSprop', 'learning_rate': 0.005}",22.0
ASGD,1,2,47,105,86.44805526733398,0.009512186050415,7,86.21686553955078,9,10,11,12,"{'hidden_layer_sizes': (3, 4), 'optimizer_name': 'RMSprop', 'learning_rate': 0.005}",22.0
ASGD,1,2,47,106,86.44707412719727,0.0101175308227539,7,86.21661376953125,9,10,11,12,"{'hidden_layer_sizes': (3, 4), 'optimizer_name': 'RMSprop', 'learning_rate': 0.005}",22.0
ASGD,1,2,47,107,86.44742889404297,0.0096781253814697,7,86.21636962890625,9,10,11,12,"{'hidden_layer_sizes': (3, 4), 'optimizer_name': 'RMSprop', 'learning_rate': 0.005}",22.0
ASGD,1,2,47,108,86.44588317871094,0.0094356536865234,7,86.21613311767578,9,10,11,12,"{'hidden_layer_sizes': (3, 4), 'optimizer_name': 'RMSprop', 'learning_rate': 0.005}",22.0
ASGD,1,2,47,109,86.44523544311524,0.0085573196411132,7,86.21590423583984,9,10,11,12,"{'hidden_layer_sizes': (3, 4), 'optimizer_name': 'RMSprop', 'learning_rate': 0.005}",22.0
ASGD,1,2,47,110,86.44600906372071,0.0099844932556152,7,86.21566772460938,9,10,11,12,"{'hidden_layer_sizes': (3, 4), 'optimizer_name': 'RMSprop', 'learning_rate': 0.005}",22.0
ASGD,1,2,47,111,86.44682006835937,0.0084166526794433,7,86.2154541015625,9,10,11,12,"{'hidden_layer_sizes': (3, 4), 'optimizer_name': 'RMSprop', 'learning_rate': 0.005}",22.0
ASGD,1,2,47,112,86.44481353759765,0.0080115795135498,7,86.2152328491211,9,10,11,12,"{'hidden_layer_sizes': (3, 4), 'optimizer_name': 'RMSprop', 'learning_rate': 0.005}",22.0
ASGD,1,2,47,113,86.44432983398437,0.0097584724426269,7,86.21501922607422,9,10,11,12,"{'hidden_layer_sizes': (3, 4), 'optimizer_name': 'RMSprop', 'learning_rate': 0.005}",22.0
ASGD,1,2,47,114,86.44512786865235,0.0097086429595947,7,86.21481323242188,9,10,11,12,"{'hidden_layer_sizes': (3, 4), 'optimizer_name': 'RMSprop', 'learning_rate': 0.005}",22.0
ASGD,1,2,47,115,86.44542999267578,0.0090680122375488,7,86.21461486816406,9,10,11,12,"{'hidden_layer_sizes': (3, 4), 'optimizer_name': 'RMSprop', 'learning_rate': 0.005}",22.0
ASGD,1,2,47,116,86.44530792236328,0.0084700584411621,7,86.21441650390625,9,10,11,12,"{'hidden_layer_sizes': (3, 4), 'optimizer_name': 'RMSprop', 'learning_rate': 0.005}",22.0
ASGD,1,2,47,117,86.4449562072754,0.0083503723144531,7,86.21421813964844,9,10,11,12,"{'hidden_layer_sizes': (3, 4), 'optimizer_name': 'RMSprop', 'learning_rate': 0.005}",22.0
ASGD,1,2,47,118,86.44173812866211,0.0091354846954345,7,86.21402740478516,9,10,11,12,"{'hidden_layer_sizes': (3, 4), 'optimizer_name': 'RMSprop', 'learning_rate': 0.005}",22.0
ASGD,1,2,47,119,86.44497909545899,0.0098938941955566,7,86.2138442993164,9,10,11,12,"{'hidden_layer_sizes': (3, 4), 'optimizer_name': 'RMSprop', 'learning_rate': 0.005}",22.0
ASGD,1,2,47,120,86.44432983398437,0.0099287033081054,7,86.21366119384766,9,10,11,12,"{'hidden_layer_sizes': (3, 4), 'optimizer_name': 'RMSprop', 'learning_rate': 0.005}",22.0
ASGD,1,2,47,121,86.44405746459961,0.0094196796417236,7,86.21347045898438,9,10,11,12,"{'hidden_layer_sizes': (3, 4), 'optimizer_name': 'RMSprop', 'learning_rate': 0.005}",22.0
ASGD,1,2,47,122,86.44227523803711,0.008603811264038,7,86.21329498291016,9,10,11,12,"{'hidden_layer_sizes': (3, 4), 'optimizer_name': 'RMSprop', 'learning_rate': 0.005}",22.0
ASGD,1,2,47,123,86.44161987304688,0.0097832679748535,7,86.213134765625,9,10,11,12,"{'hidden_layer_sizes': (3, 4), 'optimizer_name': 'RMSprop', 'learning_rate': 0.005}",22.0
ASGD,1,2,47,124,86.44240112304688,0.009911298751831,7,86.21296691894531,9,10,11,12,"{'hidden_layer_sizes': (3, 4), 'optimizer_name': 'RMSprop', 'learning_rate': 0.005}",22.0
ASGD,1,2,47,125,86.441845703125,0.0099027156829833,7,86.21279907226562,9,10,11,12,"{'hidden_layer_sizes': (3, 4), 'optimizer_name': 'RMSprop', 'learning_rate': 0.005}",22.0
ASGD,1,2,47,126,86.44292678833008,0.0092475414276123,7,86.21263885498047,9,10,11,12,"{'hidden_layer_sizes': (3, 4), 'optimizer_name': 'RMSprop', 'learning_rate': 0.005}",22.0
ASGD,1,2,47,127,86.44285888671875,0.0091798305511474,7,86.21247863769531,9,10,11,12,"{'hidden_layer_sizes': (3, 4), 'optimizer_name': 'RMSprop', 'learning_rate': 0.005}",22.0
ASGD,1,2,47,128,86.44105606079101,0.0090439319610595,7,86.21232604980469,9,10,11,12,"{'hidden_layer_sizes': (3, 4), 'optimizer_name': 'RMSprop', 'learning_rate': 0.005}",22.0
ASGD,1,2,47,129,86.44229125976562,0.0097260475158691,7,86.21217346191406,9,10,11,12,"{'hidden_layer_sizes': (3, 4), 'optimizer_name': 'RMSprop', 'learning_rate': 0.005}",22.0
ASGD,1,2,47,130,86.44285736083984,0.0098078250885009,7,86.21202087402344,9,10,11,12,"{'hidden_layer_sizes': (3, 4), 'optimizer_name': 'RMSprop', 'learning_rate': 0.005}",22.0
ASGD,1,2,47,131,86.44076232910156,0.0100150108337402,7,86.21187591552734,9,10,11,12,"{'hidden_layer_sizes': (3, 4), 'optimizer_name': 'RMSprop', 'learning_rate': 0.005}",22.0
ASGD,1,2,47,132,86.4427116394043,0.0099477767944335,7,86.21173095703125,9,10,11,12,"{'hidden_layer_sizes': (3, 4), 'optimizer_name': 'RMSprop', 'learning_rate': 0.005}",22.0
ASGD,1,2,47,133,86.4412223815918,0.0087690353393554,7,86.21159362792969,9,10,11,12,"{'hidden_layer_sizes': (3, 4), 'optimizer_name': 'RMSprop', 'learning_rate': 0.005}",22.0
ASGD,1,2,47,134,86.44170761108398,0.0088341236114501,7,86.21145629882812,9,10,11,12,"{'hidden_layer_sizes': (3, 4), 'optimizer_name': 'RMSprop', 'learning_rate': 0.005}",22.0
ASGD,1,2,47,135,86.44197692871094,0.0095288753509521,7,86.21131896972656,9,10,11,12,"{'hidden_layer_sizes': (3, 4), 'optimizer_name': 'RMSprop', 'learning_rate': 0.005}",22.0
ASGD,1,2,47,136,86.44066619873047,0.009861946105957,7,86.21118927001953,9,10,11,12,"{'hidden_layer_sizes': (3, 4), 'optimizer_name': 'RMSprop', 'learning_rate': 0.005}",22.0
ASGD,1,2,47,137,86.44293899536133,0.0098590850830078,7,86.21105194091797,9,10,11,12,"{'hidden_layer_sizes': (3, 4), 'optimizer_name': 'RMSprop', 'learning_rate': 0.005}",22.0
ASGD,1,2,47,138,86.44072265625,0.0097830295562744,7,86.21092224121094,9,10,11,12,"{'hidden_layer_sizes': (3, 4), 'optimizer_name': 'RMSprop', 'learning_rate': 0.005}",22.0
ASGD,1,2,47,139,86.44200210571289,0.0099298954010009,7,86.21080017089844,9,10,11,12,"{'hidden_layer_sizes': (3, 4), 'optimizer_name': 'RMSprop', 'learning_rate': 0.005}",22.0
ASGD,1,2,47,140,86.44099578857421,0.0098938941955566,7,86.21067810058594,9,10,11,12,"{'hidden_layer_sizes': (3, 4), 'optimizer_name': 'RMSprop', 'learning_rate': 0.005}",22.0
ASGD,1,2,47,141,86.44098281860352,0.0098955631256103,7,86.21055603027344,9,10,11,12,"{'hidden_layer_sizes': (3, 4), 'optimizer_name': 'RMSprop', 'learning_rate': 0.005}",22.0
ASGD,1,2,47,142,86.44070510864258,0.009878396987915,7,86.2104263305664,9,10,11,12,"{'hidden_layer_sizes': (3, 4), 'optimizer_name': 'RMSprop', 'learning_rate': 0.005}",22.0
ASGD,1,2,47,143,86.43956756591797,0.0095999240875244,7,86.21031951904297,9,10,11,12,"{'hidden_layer_sizes': (3, 4), 'optimizer_name': 'RMSprop', 'learning_rate': 0.005}",22.0
ASGD,1,2,47,144,86.44198303222656,0.0086979866027832,7,86.21019744873047,9,10,11,12,"{'hidden_layer_sizes': (3, 4), 'optimizer_name': 'RMSprop', 'learning_rate': 0.005}",22.0
ASGD,1,2,47,145,86.44128494262695,0.0113751888275146,7,86.21009063720703,9,10,11,12,"{'hidden_layer_sizes': (3, 4), 'optimizer_name': 'RMSprop', 'learning_rate': 0.005}",22.0
ASGD,1,2,47,146,86.44095764160156,0.0092558860778808,7,86.20997619628906,9,10,11,12,"{'hidden_layer_sizes': (3, 4), 'optimizer_name': 'RMSprop', 'learning_rate': 0.005}",22.0
ASGD,1,2,47,147,86.43761367797852,0.00982666015625,7,86.20986938476562,9,10,11,12,"{'hidden_layer_sizes': (3, 4), 'optimizer_name': 'RMSprop', 'learning_rate': 0.005}",22.0
ASGD,1,2,47,148,86.43960876464844,0.0091073513031005,7,86.20975494384766,9,10,11,12,"{'hidden_layer_sizes': (3, 4), 'optimizer_name': 'RMSprop', 'learning_rate': 0.005}",22.0
ASGD,1,2,47,149,86.44123229980468,0.0083546638488769,7,86.20964813232422,9,10,11,12,"{'hidden_layer_sizes': (3, 4), 'optimizer_name': 'RMSprop', 'learning_rate': 0.005}",22.0
ASGD,1,2,47,150,86.4398696899414,0.0083320140838623,7,86.20954895019531,9,10,11,12,"{'hidden_layer_sizes': (3, 4), 'optimizer_name': 'RMSprop', 'learning_rate': 0.005}",22.0
ASGD,1,2,47,151,86.44083251953126,0.0086374282836914,7,86.20944213867188,9,10,11,12,"{'hidden_layer_sizes': (3, 4), 'optimizer_name': 'RMSprop', 'learning_rate': 0.005}",22.0
ASGD,1,2,47,152,86.44056777954101,0.009645938873291,7,86.20934295654297,9,10,11,12,"{'hidden_layer_sizes': (3, 4), 'optimizer_name': 'RMSprop', 'learning_rate': 0.005}",22.0
ASGD,1,2,47,153,86.4387077331543,0.0100529193878173,7,86.20924377441406,9,10,11,12,"{'hidden_layer_sizes': (3, 4), 'optimizer_name': 'RMSprop', 'learning_rate': 0.005}",22.0
ASGD,1,2,47,154,86.43692474365234,0.0098371505737304,7,86.20915222167969,9,10,11,12,"{'hidden_layer_sizes': (3, 4), 'optimizer_name': 'RMSprop', 'learning_rate': 0.005}",22.0
ASGD,1,2,47,155,86.43985290527344,0.0092952251434326,7,86.20906066894531,9,10,11,12,"{'hidden_layer_sizes': (3, 4), 'optimizer_name': 'RMSprop', 'learning_rate': 0.005}",22.0
ASGD,1,2,47,156,86.43901443481445,0.0097632408142089,7,86.20895385742188,9,10,11,12,"{'hidden_layer_sizes': (3, 4), 'optimizer_name': 'RMSprop', 'learning_rate': 0.005}",22.0
ASGD,1,2,47,157,86.43818435668945,0.0105977058410644,7,86.2088623046875,9,10,11,12,"{'hidden_layer_sizes': (3, 4), 'optimizer_name': 'RMSprop', 'learning_rate': 0.005}",22.0
ASGD,1,2,47,158,86.43925170898437,0.0100486278533935,7,86.20877075195312,9,10,11,12,"{'hidden_layer_sizes': (3, 4), 'optimizer_name': 'RMSprop', 'learning_rate': 0.005}",22.0
ASGD,1,2,47,159,86.43838729858399,0.0099635124206542,7,86.20867919921875,9,10,11,12,"{'hidden_layer_sizes': (3, 4), 'optimizer_name': 'RMSprop', 'learning_rate': 0.005}",22.0
ASGD,1,2,47,160,86.4366958618164,0.0098345279693603,7,86.2085952758789,9,10,11,12,"{'hidden_layer_sizes': (3, 4), 'optimizer_name': 'RMSprop', 'learning_rate': 0.005}",22.0
ASGD,1,2,47,161,86.43724136352539,0.0098905563354492,7,86.20850372314453,9,10,11,12,"{'hidden_layer_sizes': (3, 4), 'optimizer_name': 'RMSprop', 'learning_rate': 0.005}",22.0
ASGD,1,2,47,162,86.43783950805664,0.009753942489624,7,86.20841979980469,9,10,11,12,"{'hidden_layer_sizes': (3, 4), 'optimizer_name': 'RMSprop', 'learning_rate': 0.005}",22.0
ASGD,1,2,47,163,86.43774490356445,0.0098712444305419,7,86.20833587646484,9,10,11,12,"{'hidden_layer_sizes': (3, 4), 'optimizer_name': 'RMSprop', 'learning_rate': 0.005}",22.0
ASGD,1,2,47,164,86.43925704956055,0.0099031925201416,7,86.208251953125,9,10,11,12,"{'hidden_layer_sizes': (3, 4), 'optimizer_name': 'RMSprop', 'learning_rate': 0.005}",22.0
ASGD,1,2,47,165,86.43681182861329,0.0094969272613525,7,86.20816802978516,9,10,11,12,"{'hidden_layer_sizes': (3, 4), 'optimizer_name': 'RMSprop', 'learning_rate': 0.005}",22.0
ASGD,1,2,47,166,86.43781204223633,0.0100710391998291,7,86.20808410644531,9,10,11,12,"{'hidden_layer_sizes': (3, 4), 'optimizer_name': 'RMSprop', 'learning_rate': 0.005}",22.0
ASGD,1,2,47,167,86.4373046875,0.0094444751739501,7,86.2080078125,9,10,11,12,"{'hidden_layer_sizes': (3, 4), 'optimizer_name': 'RMSprop', 'learning_rate': 0.005}",22.0
ASGD,1,2,47,168,86.43411712646484,0.0094823837280273,7,86.20792388916016,9,10,11,12,"{'hidden_layer_sizes': (3, 4), 'optimizer_name': 'RMSprop', 'learning_rate': 0.005}",22.0
ASGD,1,2,47,169,86.43818664550781,0.0087144374847412,7,86.20784759521484,9,10,11,12,"{'hidden_layer_sizes': (3, 4), 'optimizer_name': 'RMSprop', 'learning_rate': 0.005}",22.0
ASGD,1,2,47,170,86.43820190429688,0.0089411735534667,7,86.20777130126953,9,10,11,12,"{'hidden_layer_sizes': (3, 4), 'optimizer_name': 'RMSprop', 'learning_rate': 0.005}",22.0
ASGD,1,2,47,171,86.43732070922852,0.0097427368164062,7,86.20769500732422,9,10,11,12,"{'hidden_layer_sizes': (3, 4), 'optimizer_name': 'RMSprop', 'learning_rate': 0.005}",22.0
ASGD,1,2,47,172,86.43795700073242,0.0101048946380615,7,86.20762634277344,9,10,11,12,"{'hidden_layer_sizes': (3, 4), 'optimizer_name': 'RMSprop', 'learning_rate': 0.005}",22.0
ASGD,1,2,47,173,86.43725967407227,0.0098998546600341,7,86.20755004882812,9,10,11,12,"{'hidden_layer_sizes': (3, 4), 'optimizer_name': 'RMSprop', 'learning_rate': 0.005}",22.0
ASGD,1,2,47,174,86.43619995117187,0.0098488330841064,7,86.20748138427734,9,10,11,12,"{'hidden_layer_sizes': (3, 4), 'optimizer_name': 'RMSprop', 'learning_rate': 0.005}",22.0
ASGD,1,2,47,175,86.4381317138672,0.0099422931671142,7,86.20740509033203,9,10,11,12,"{'hidden_layer_sizes': (3, 4), 'optimizer_name': 'RMSprop', 'learning_rate': 0.005}",22.0
ASGD,1,2,47,176,86.43757705688476,0.0097377300262451,7,86.20734405517578,9,10,11,12,"{'hidden_layer_sizes': (3, 4), 'optimizer_name': 'RMSprop', 'learning_rate': 0.005}",22.0
ASGD,1,2,47,177,86.43709945678711,0.0090293884277343,7,86.20726776123047,9,10,11,12,"{'hidden_layer_sizes': (3, 4), 'optimizer_name': 'RMSprop', 'learning_rate': 0.005}",22.0
ASGD,1,2,47,178,86.43723983764649,0.0101861953735351,7,86.20720672607422,9,10,11,12,"{'hidden_layer_sizes': (3, 4), 'optimizer_name': 'RMSprop', 'learning_rate': 0.005}",22.0
ASGD,1,2,47,179,86.43855895996094,0.010352611541748,7,86.2071304321289,9,10,11,12,"{'hidden_layer_sizes': (3, 4), 'optimizer_name': 'RMSprop', 'learning_rate': 0.005}",22.0
ASGD,1,2,47,180,86.43606719970703,0.0081911087036132,7,86.20706176757812,9,10,11,12,"{'hidden_layer_sizes': (3, 4), 'optimizer_name': 'RMSprop', 'learning_rate': 0.005}",22.0
ASGD,1,2,47,181,86.4367576599121,0.0093874931335449,7,86.20700073242188,9,10,11,12,"{'hidden_layer_sizes': (3, 4), 'optimizer_name': 'RMSprop', 'learning_rate': 0.005}",22.0
ASGD,1,2,47,182,86.43686141967774,0.0097715854644775,7,86.2069320678711,9,10,11,12,"{'hidden_layer_sizes': (3, 4), 'optimizer_name': 'RMSprop', 'learning_rate': 0.005}",22.0
ASGD,1,2,47,183,86.43712310791015,0.0096535682678222,7,86.20687866210938,9,10,11,12,"{'hidden_layer_sizes': (3, 4), 'optimizer_name': 'RMSprop', 'learning_rate': 0.005}",22.0
ASGD,1,2,47,184,86.43537063598633,0.0094754695892333,7,86.2068099975586,9,10,11,12,"{'hidden_layer_sizes': (3, 4), 'optimizer_name': 'RMSprop', 'learning_rate': 0.005}",22.0
ASGD,1,2,47,185,86.43612899780274,0.0084655284881591,7,86.20674896240234,9,10,11,12,"{'hidden_layer_sizes': (3, 4), 'optimizer_name': 'RMSprop', 'learning_rate': 0.005}",22.0
ASGD,1,2,47,186,86.43621215820312,0.0091011524200439,7,86.2066879272461,9,10,11,12,"{'hidden_layer_sizes': (3, 4), 'optimizer_name': 'RMSprop', 'learning_rate': 0.005}",22.0
ASGD,1,2,47,187,86.43631439208984,0.0098044872283935,7,86.20662689208984,9,10,11,12,"{'hidden_layer_sizes': (3, 4), 'optimizer_name': 'RMSprop', 'learning_rate': 0.005}",22.0
ASGD,1,2,47,188,86.4360336303711,0.0087902545928955,7,86.20657348632812,9,10,11,12,"{'hidden_layer_sizes': (3, 4), 'optimizer_name': 'RMSprop', 'learning_rate': 0.005}",22.0
ASGD,1,2,47,189,86.43702239990235,0.0089514255523681,7,86.20650482177734,9,10,11,12,"{'hidden_layer_sizes': (3, 4), 'optimizer_name': 'RMSprop', 'learning_rate': 0.005}",22.0
ASGD,1,2,47,190,86.4350082397461,0.0100798606872558,7,86.2064437866211,9,10,11,12,"{'hidden_layer_sizes': (3, 4), 'optimizer_name': 'RMSprop', 'learning_rate': 0.005}",22.0
ASGD,1,2,47,191,86.43619995117187,0.0094072818756103,7,86.2063980102539,9,10,11,12,"{'hidden_layer_sizes': (3, 4), 'optimizer_name': 'RMSprop', 'learning_rate': 0.005}",22.0
ASGD,1,2,47,192,86.43517837524413,0.0086228847503662,7,86.20633697509766,9,10,11,12,"{'hidden_layer_sizes': (3, 4), 'optimizer_name': 'RMSprop', 'learning_rate': 0.005}",22.0
ASGD,1,2,47,193,86.4368782043457,0.0099608898162841,7,86.2062759399414,9,10,11,12,"{'hidden_layer_sizes': (3, 4), 'optimizer_name': 'RMSprop', 'learning_rate': 0.005}",22.0
ASGD,1,2,47,194,86.43651580810547,0.0092763900756835,7,86.20622253417969,9,10,11,12,"{'hidden_layer_sizes': (3, 4), 'optimizer_name': 'RMSprop', 'learning_rate': 0.005}",22.0
ASGD,1,2,47,195,86.4351676940918,0.0098094940185546,7,86.20616912841797,9,10,11,12,"{'hidden_layer_sizes': (3, 4), 'optimizer_name': 'RMSprop', 'learning_rate': 0.005}",22.0
ASGD,1,2,47,196,86.43417587280274,0.0097959041595458,7,86.20611572265625,9,10,11,12,"{'hidden_layer_sizes': (3, 4), 'optimizer_name': 'RMSprop', 'learning_rate': 0.005}",22.0
ASGD,1,2,47,197,86.4367660522461,0.0097475051879882,7,86.20606231689453,9,10,11,12,"{'hidden_layer_sizes': (3, 4), 'optimizer_name': 'RMSprop', 'learning_rate': 0.005}",22.0
ASGD,1,2,47,198,86.43458251953125,0.008723497390747,7,86.20601654052734,9,10,11,12,"{'hidden_layer_sizes': (3, 4), 'optimizer_name': 'RMSprop', 'learning_rate': 0.005}",22.0
ASGD,1,2,47,199,86.4360481262207,0.008493423461914,7,86.2059555053711,9,10,11,12,"{'hidden_layer_sizes': (3, 4), 'optimizer_name': 'RMSprop', 'learning_rate': 0.005}",22.0
ASGD,1,2,47,200,86.43655929565429,0.0099937915802001,7,86.20590209960938,9,10,11,12,"{'hidden_layer_sizes': (3, 4), 'optimizer_name': 'RMSprop', 'learning_rate': 0.005}",22.0
ASGD,1,2,47,201,86.43590927124023,0.0100364685058593,7,86.20585632324219,9,10,11,12,"{'hidden_layer_sizes': (3, 4), 'optimizer_name': 'RMSprop', 'learning_rate': 0.005}",22.0
ASGD,1,2,47,202,86.43598175048828,0.0100011825561523,7,86.205810546875,9,10,11,12,"{'hidden_layer_sizes': (3, 4), 'optimizer_name': 'RMSprop', 'learning_rate': 0.005}",22.0
ASGD,1,2,47,203,86.43606338500976,0.00970458984375,7,86.20575714111328,9,10,11,12,"{'hidden_layer_sizes': (3, 4), 'optimizer_name': 'RMSprop', 'learning_rate': 0.005}",22.0
ASGD,1,2,47,204,86.43507843017578,0.0082464218139648,7,86.20570373535156,9,10,11,12,"{'hidden_layer_sizes': (3, 4), 'optimizer_name': 'RMSprop', 'learning_rate': 0.005}",22.0
ASGD,1,2,47,205,86.43496322631836,0.0081286430358886,7,86.20565795898438,9,10,11,12,"{'hidden_layer_sizes': (3, 4), 'optimizer_name': 'RMSprop', 'learning_rate': 0.005}",22.0
ASGD,1,2,47,206,86.43521652221679,0.0100066661834716,7,86.20561218261719,9,10,11,12,"{'hidden_layer_sizes': (3, 4), 'optimizer_name': 'RMSprop', 'learning_rate': 0.005}",22.0
ASGD,1,2,47,207,86.43662872314454,0.0093142986297607,7,86.20556640625,9,10,11,12,"{'hidden_layer_sizes': (3, 4), 'optimizer_name': 'RMSprop', 'learning_rate': 0.005}",22.0
ASGD,1,2,47,208,86.4341827392578,0.0087525844573974,7,86.20551300048828,9,10,11,12,"{'hidden_layer_sizes': (3, 4), 'optimizer_name': 'RMSprop', 'learning_rate': 0.005}",22.0
ASGD,1,2,47,209,86.43563995361328,0.0092866420745849,7,86.20547485351562,9,10,11,12,"{'hidden_layer_sizes': (3, 4), 'optimizer_name': 'RMSprop', 'learning_rate': 0.005}",22.0
ASGD,1,2,47,210,86.43590850830078,0.0091979503631591,7,86.2054214477539,9,10,11,12,"{'hidden_layer_sizes': (3, 4), 'optimizer_name': 'RMSprop', 'learning_rate': 0.005}",22.0
ASGD,1,2,47,211,86.43576278686524,0.0087299346923828,7,86.20538330078125,9,10,11,12,"{'hidden_layer_sizes': (3, 4), 'optimizer_name': 'RMSprop', 'learning_rate': 0.005}",22.0
ASGD,1,2,47,212,86.43596801757812,0.0093312263488769,7,86.2053451538086,9,10,11,12,"{'hidden_layer_sizes': (3, 4), 'optimizer_name': 'RMSprop', 'learning_rate': 0.005}",22.0
ASGD,1,2,47,213,86.43498764038085,0.0099329948425292,7,86.2052993774414,9,10,11,12,"{'hidden_layer_sizes': (3, 4), 'optimizer_name': 'RMSprop', 'learning_rate': 0.005}",22.0
ASGD,1,2,47,214,86.43505096435547,0.0094058513641357,7,86.20524597167969,9,10,11,12,"{'hidden_layer_sizes': (3, 4), 'optimizer_name': 'RMSprop', 'learning_rate': 0.005}",22.0
ASGD,1,2,47,215,86.43595275878906,0.0103647708892822,7,86.20521545410156,9,10,11,12,"{'hidden_layer_sizes': (3, 4), 'optimizer_name': 'RMSprop', 'learning_rate': 0.005}",22.0
ASGD,1,2,47,216,86.43526153564453,0.009127140045166,7,86.20516967773438,9,10,11,12,"{'hidden_layer_sizes': (3, 4), 'optimizer_name': 'RMSprop', 'learning_rate': 0.005}",22.0
ASGD,1,2,47,217,86.43630676269531,0.0084779262542724,7,86.20512390136719,9,10,11,12,"{'hidden_layer_sizes': (3, 4), 'optimizer_name': 'RMSprop', 'learning_rate': 0.005}",22.0
ASGD,1,2,47,218,86.43266906738282,0.0098140239715576,7,86.20508575439453,9,10,11,12,"{'hidden_layer_sizes': (3, 4), 'optimizer_name': 'RMSprop', 'learning_rate': 0.005}",22.0
ASGD,1,2,47,219,86.43537750244141,0.0083818435668945,7,86.20503997802734,9,10,11,12,"{'hidden_layer_sizes': (3, 4), 'optimizer_name': 'RMSprop', 'learning_rate': 0.005}",22.0
ASGD,1,2,47,220,86.43508529663086,0.008692979812622,7,86.20499420166016,9,10,11,12,"{'hidden_layer_sizes': (3, 4), 'optimizer_name': 'RMSprop', 'learning_rate': 0.005}",22.0
ASGD,1,2,47,221,86.43374786376953,0.0102262496948242,7,86.2049560546875,9,10,11,12,"{'hidden_layer_sizes': (3, 4), 'optimizer_name': 'RMSprop', 'learning_rate': 0.005}",22.0
ASGD,1,2,47,222,86.43544387817383,0.0094685554504394,7,86.20491790771484,9,10,11,12,"{'hidden_layer_sizes': (3, 4), 'optimizer_name': 'RMSprop', 'learning_rate': 0.005}",22.0
ASGD,1,2,47,223,86.43189010620117,0.0093307495117187,7,86.20487976074219,9,10,11,12,"{'hidden_layer_sizes': (3, 4), 'optimizer_name': 'RMSprop', 'learning_rate': 0.005}",22.0
ASGD,1,2,47,224,86.43604354858398,0.0083327293395996,7,86.20484161376953,9,10,11,12,"{'hidden_layer_sizes': (3, 4), 'optimizer_name': 'RMSprop', 'learning_rate': 0.005}",22.0
ASGD,1,2,47,225,86.43501434326171,0.0086586475372314,7,86.2048110961914,9,10,11,12,"{'hidden_layer_sizes': (3, 4), 'optimizer_name': 'RMSprop', 'learning_rate': 0.005}",22.0
ASGD,1,2,47,226,86.43562622070313,0.0099496841430664,7,86.20476531982422,9,10,11,12,"{'hidden_layer_sizes': (3, 4), 'optimizer_name': 'RMSprop', 'learning_rate': 0.005}",22.0
ASGD,1,2,47,227,86.43518829345703,0.0100014209747314,7,86.20472717285156,9,10,11,12,"{'hidden_layer_sizes': (3, 4), 'optimizer_name': 'RMSprop', 'learning_rate': 0.005}",22.0
ASGD,1,2,47,228,86.43487396240235,0.0098042488098144,7,86.2046890258789,9,10,11,12,"{'hidden_layer_sizes': (3, 4), 'optimizer_name': 'RMSprop', 'learning_rate': 0.005}",22.0
ASGD,1,2,47,229,86.4328514099121,0.0098421573638916,7,86.20465087890625,9,10,11,12,"{'hidden_layer_sizes': (3, 4), 'optimizer_name': 'RMSprop', 'learning_rate': 0.005}",22.0
ASGD,1,2,47,230,86.43472137451172,0.0099818706512451,7,86.2046127319336,9,10,11,12,"{'hidden_layer_sizes': (3, 4), 'optimizer_name': 'RMSprop', 'learning_rate': 0.005}",22.0
ASGD,1,2,47,231,86.43245086669921,0.0085096359252929,7,86.20458221435547,9,10,11,12,"{'hidden_layer_sizes': (3, 4), 'optimizer_name': 'RMSprop', 'learning_rate': 0.005}",22.0
ASGD,1,2,47,232,86.43331985473633,0.0089082717895507,7,86.20454406738281,9,10,11,12,"{'hidden_layer_sizes': (3, 4), 'optimizer_name': 'RMSprop', 'learning_rate': 0.005}",22.0
ASGD,1,2,47,233,86.43497085571289,0.0100898742675781,7,86.20450592041016,9,10,11,12,"{'hidden_layer_sizes': (3, 4), 'optimizer_name': 'RMSprop', 'learning_rate': 0.005}",22.0
ASGD,1,2,47,234,86.43646240234375,0.0090970993041992,7,86.20447540283203,9,10,11,12,"{'hidden_layer_sizes': (3, 4), 'optimizer_name': 'RMSprop', 'learning_rate': 0.005}",22.0
ASGD,1,2,47,235,86.43340759277343,0.0096280574798583,7,86.20443725585938,9,10,11,12,"{'hidden_layer_sizes': (3, 4), 'optimizer_name': 'RMSprop', 'learning_rate': 0.005}",22.0
ASGD,1,2,47,236,86.43636474609374,0.0091571807861328,7,86.20440673828125,9,10,11,12,"{'hidden_layer_sizes': (3, 4), 'optimizer_name': 'RMSprop', 'learning_rate': 0.005}",22.0
ASGD,1,2,47,237,86.43581008911133,0.0082745552062988,7,86.2043685913086,9,10,11,12,"{'hidden_layer_sizes': (3, 4), 'optimizer_name': 'RMSprop', 'learning_rate': 0.005}",22.0
ASGD,1,2,47,238,86.43555145263672,0.0083742141723632,7,86.20433807373047,9,10,11,12,"{'hidden_layer_sizes': (3, 4), 'optimizer_name': 'RMSprop', 'learning_rate': 0.005}",22.0
ASGD,1,2,47,239,86.43406295776367,0.0084443092346191,7,86.20430755615234,9,10,11,12,"{'hidden_layer_sizes': (3, 4), 'optimizer_name': 'RMSprop', 'learning_rate': 0.005}",22.0
ASGD,1,2,47,240,86.43413162231445,0.0084664821624755,7,86.20426940917969,9,10,11,12,"{'hidden_layer_sizes': (3, 4), 'optimizer_name': 'RMSprop', 'learning_rate': 0.005}",22.0
ASGD,1,2,47,241,86.43530883789063,0.0085577964782714,7,86.20423889160156,9,10,11,12,"{'hidden_layer_sizes': (3, 4), 'optimizer_name': 'RMSprop', 'learning_rate': 0.005}",22.0
ASGD,1,2,47,242,86.43521728515626,0.0099258422851562,7,86.20420837402344,9,10,11,12,"{'hidden_layer_sizes': (3, 4), 'optimizer_name': 'RMSprop', 'learning_rate': 0.005}",22.0
ASGD,1,2,47,243,86.43326110839844,0.0119268894195556,7,86.20417785644531,9,10,11,12,"{'hidden_layer_sizes': (3, 4), 'optimizer_name': 'RMSprop', 'learning_rate': 0.005}",22.0
ASGD,1,2,47,244,86.43464126586915,0.0107855796813964,7,86.20413970947266,9,10,11,12,"{'hidden_layer_sizes': (3, 4), 'optimizer_name': 'RMSprop', 'learning_rate': 0.005}",22.0
ASGD,1,2,47,245,86.4333869934082,0.0100622177124023,7,86.20411682128906,9,10,11,12,"{'hidden_layer_sizes': (3, 4), 'optimizer_name': 'RMSprop', 'learning_rate': 0.005}",22.0
ASGD,1,2,47,246,86.43310623168945,0.0115830898284912,7,86.2040786743164,9,10,11,12,"{'hidden_layer_sizes': (3, 4), 'optimizer_name': 'RMSprop', 'learning_rate': 0.005}",22.0
ASGD,1,2,47,247,86.43435287475586,0.0115206241607666,7,86.20404815673828,9,10,11,12,"{'hidden_layer_sizes': (3, 4), 'optimizer_name': 'RMSprop', 'learning_rate': 0.005}",22.0
ASGD,1,2,47,248,86.43304977416992,0.0088615417480468,7,86.20402526855469,9,10,11,12,"{'hidden_layer_sizes': (3, 4), 'optimizer_name': 'RMSprop', 'learning_rate': 0.005}",22.0
ASGD,1,2,47,249,86.43281021118165,0.0105898380279541,7,86.20398712158203,9,10,11,12,"{'hidden_layer_sizes': (3, 4), 'optimizer_name': 'RMSprop', 'learning_rate': 0.005}",22.0
ASGD,1,2,47,250,86.43409118652343,0.010972261428833,7,86.20396423339844,9,10,11,12,"{'hidden_layer_sizes': (3, 4), 'optimizer_name': 'RMSprop', 'learning_rate': 0.005}",22.0
