2186be09-327b-11f0-95b0-88a4c2b6c82f,"{'run_info': ['SLIM+SIG2', UUID('2186be09-327b-11f0-95b0-88a4c2b6c82f'), 'SLIM-GSGPsustavianfeed'], 'ffunction': <function rmse at 0x00000277DB370040>, 'max_depth': 10, 'reconstruct': False, 'n_iter': 500, 'elitism': True, 'n_elites': 2, 'log': 2, 'verbose': 0, 'n_jobs': 1, 'test_elite': True, 'log_path': './log/SLIM-GSGP/SLIM-GSGP_sustavianfeed_inner_0.csv', 'initializer': <function rhh at 0x00000277DB367920>, 'selector': <function tournament_selection_min.<locals>.ts at 0x00000277DBB314E0>, 'crossover': <function geometric_crossover at 0x00000277DB365260>, 'ms': <function generate_random_uniform.<locals>.generate_num at 0x00000277DBB5B1A0>, 'inflate_mutator': <function inflate_mutation.<locals>.inflate at 0x00000277DBB5AAC0>, 'deflate_mutator': <function deflate_mutation at 0x00000277DB8ED300>, 'p_xo': 0, 'settings_dict': {'p_test': 0.2}, 'find_elit_func': <function get_best_min at 0x00000277DB3656C0>, 'p_inflate': 0.7, 'copy_parent': True, 'operator': 'sum', 'pop_size': 20, 'seed': 45, 'p_m': 1, 'two_trees': True, 'p_deflate': 0.30000000000000004, 'FUNCTIONS': {'add': {'function': <built-in method add of type object at 0x00007FFB8B523450>, 'arity': 2}, 'subtract': {'function': <built-in method sub of type object at 0x00007FFB8B523450>, 'arity': 2}}, 'CONSTANTS': {'constant_0.613936006181931': <function slim.<locals>.<lambda> at 0x00000277DBB5A3E0>, 'constant_0.7503350595163074': <function slim.<locals>.<lambda> at 0x00000277DBB5B100>, 'constant_0.9351730790299366': <function slim.<locals>.<lambda> at 0x00000277DBB5AA20>, 'constant_0.3881944096681479': <function slim.<locals>.<lambda> at 0x00000277DBB5A8E0>, 'constant_0.3236318043736476': <function slim.<locals>.<lambda> at 0x00000277DBB5B240>, 'constant_0.1506283262998439': <function slim.<locals>.<lambda> at 0x00000277DBB5A520>, 'constant_0.02668125071003169': <function slim.<locals>.<lambda> at 0x00000277DBB589A0>, 'constant_0.5963213641645508': <function slim.<locals>.<lambda> at 0x00000277DBB5A200>, 'constant_0.9325288023242098': <function slim.<locals>.<lambda> at 0x00000277DBB58C20>, 'constant__1.0': <function slim.<locals>.<lambda> at 0x00000277DBB5ADE0>}, 'p_c': 0.1, 'init_depth': 2, 'init_pop_size': 20, 'p_test': 0.2}"
2186be09-327b-11f0-95b0-88a4c2b6c82f,"{'run_info': ['SLIM+SIG1', UUID('2186be09-327b-11f0-95b0-88a4c2b6c82f'), 'SLIM-GSGPsustavianfeed'], 'ffunction': <function rmse at 0x00000277DB370040>, 'max_depth': 10, 'reconstruct': False, 'n_iter': 500, 'elitism': True, 'n_elites': 2, 'log': 2, 'verbose': 0, 'n_jobs': 1, 'test_elite': True, 'log_path': './log/SLIM-GSGP/SLIM-GSGP_sustavianfeed_inner_0.csv', 'initializer': <function rhh at 0x00000277DB367920>, 'selector': <function tournament_selection_min.<locals>.ts at 0x00000277DBB5B1A0>, 'crossover': <function geometric_crossover at 0x00000277DB365260>, 'ms': <function generate_random_uniform.<locals>.generate_num at 0x00000277DB373D80>, 'inflate_mutator': <function inflate_mutation.<locals>.inflate at 0x00000277DBB59580>, 'deflate_mutator': <function deflate_mutation at 0x00000277DB8ED300>, 'p_xo': 0, 'settings_dict': {'p_test': 0.2}, 'find_elit_func': <function get_best_min at 0x00000277DB3656C0>, 'p_inflate': 0.7, 'copy_parent': True, 'operator': 'sum', 'pop_size': 20, 'seed': 45, 'p_m': 1, 'two_trees': False, 'p_deflate': 0.30000000000000004, 'FUNCTIONS': {'add': {'function': <built-in method add of type object at 0x00007FFB8B523450>, 'arity': 2}, 'subtract': {'function': <built-in method sub of type object at 0x00007FFB8B523450>, 'arity': 2}}, 'CONSTANTS': {'constant_0.613936006181931': <function slim.<locals>.<lambda> at 0x00000277DBB5B740>, 'constant_0.7503350595163074': <function slim.<locals>.<lambda> at 0x00000277DBB5B060>, 'constant_0.9351730790299366': <function slim.<locals>.<lambda> at 0x00000277DBB5A700>, 'constant_0.3881944096681479': <function slim.<locals>.<lambda> at 0x00000277DBB5AD40>, 'constant_0.3236318043736476': <function slim.<locals>.<lambda> at 0x00000277DBB5B7E0>, 'constant_0.1506283262998439': <function slim.<locals>.<lambda> at 0x00000277DBB5BC40>, 'constant_0.02668125071003169': <function slim.<locals>.<lambda> at 0x00000277DBB5B4C0>, 'constant_0.5963213641645508': <function slim.<locals>.<lambda> at 0x00000277DBB5B560>, 'constant_0.9325288023242098': <function slim.<locals>.<lambda> at 0x00000277DBB59800>, 'constant__1.0': <function slim.<locals>.<lambda> at 0x00000277DBB5AFC0>}, 'p_c': 0.1, 'init_depth': 2, 'init_pop_size': 20, 'p_test': 0.2}"
2186be09-327b-11f0-95b0-88a4c2b6c82f,"{'run_info': ['SLIM+ABS', UUID('2186be09-327b-11f0-95b0-88a4c2b6c82f'), 'SLIM-GSGPsustavianfeed'], 'ffunction': <function rmse at 0x00000277DB370040>, 'max_depth': 10, 'reconstruct': False, 'n_iter': 500, 'elitism': True, 'n_elites': 2, 'log': 2, 'verbose': 0, 'n_jobs': 1, 'test_elite': True, 'log_path': './log/SLIM-GSGP/SLIM-GSGP_sustavianfeed_inner_0.csv', 'initializer': <function rhh at 0x00000277DB367920>, 'selector': <function tournament_selection_min.<locals>.ts at 0x00000277DBE3A840>, 'crossover': <function geometric_crossover at 0x00000277DB365260>, 'ms': <function generate_random_uniform.<locals>.generate_num at 0x00000277DBE3AA20>, 'inflate_mutator': <function inflate_mutation.<locals>.inflate at 0x00000277DBE387C0>, 'deflate_mutator': <function deflate_mutation at 0x00000277DB8ED300>, 'p_xo': 0, 'settings_dict': {'p_test': 0.2}, 'find_elit_func': <function get_best_min at 0x00000277DB3656C0>, 'p_inflate': 0.7, 'copy_parent': True, 'operator': 'sum', 'pop_size': 20, 'seed': 45, 'p_m': 1, 'two_trees': False, 'p_deflate': 0.30000000000000004, 'FUNCTIONS': {'add': {'function': <built-in method add of type object at 0x00007FFB8B523450>, 'arity': 2}, 'subtract': {'function': <built-in method sub of type object at 0x00007FFB8B523450>, 'arity': 2}}, 'CONSTANTS': {'constant_0.613936006181931': <function slim.<locals>.<lambda> at 0x00000277DBE3BBA0>, 'constant_0.7503350595163074': <function slim.<locals>.<lambda> at 0x00000277DBE39EE0>, 'constant_0.9351730790299366': <function slim.<locals>.<lambda> at 0x00000277DBE3BCE0>, 'constant_0.3881944096681479': <function slim.<locals>.<lambda> at 0x00000277DBE3AFC0>, 'constant_0.3236318043736476': <function slim.<locals>.<lambda> at 0x00000277DBE38680>, 'constant_0.1506283262998439': <function slim.<locals>.<lambda> at 0x00000277DBE38720>, 'constant_0.02668125071003169': <function slim.<locals>.<lambda> at 0x00000277DBE38EA0>, 'constant_0.5963213641645508': <function slim.<locals>.<lambda> at 0x00000277DBE3ACA0>, 'constant_0.9325288023242098': <function slim.<locals>.<lambda> at 0x00000277DBE39080>, 'constant__1.0': <function slim.<locals>.<lambda> at 0x00000277DBE38C20>}, 'p_c': 0.1, 'init_depth': 2, 'init_pop_size': 20, 'p_test': 0.2}"
2186be09-327b-11f0-95b0-88a4c2b6c82f,"{'run_info': ['SLIM*SIG2', UUID('2186be09-327b-11f0-95b0-88a4c2b6c82f'), 'SLIM-GSGPsustavianfeed'], 'ffunction': <function rmse at 0x00000277DB370040>, 'max_depth': 10, 'reconstruct': False, 'n_iter': 500, 'elitism': True, 'n_elites': 2, 'log': 2, 'verbose': 0, 'n_jobs': 1, 'test_elite': True, 'log_path': './log/SLIM-GSGP/SLIM-GSGP_sustavianfeed_inner_0.csv', 'initializer': <function rhh at 0x00000277DB367920>, 'selector': <function tournament_selection_min.<locals>.ts at 0x00000277DBDE5760>, 'crossover': <function geometric_crossover at 0x00000277DB365260>, 'ms': <function generate_random_uniform.<locals>.generate_num at 0x00000277DB3F1580>, 'inflate_mutator': <function inflate_mutation.<locals>.inflate at 0x00000277DBDE76A0>, 'deflate_mutator': <function deflate_mutation at 0x00000277DB8ED300>, 'p_xo': 0, 'settings_dict': {'p_test': 0.2}, 'find_elit_func': <function get_best_min at 0x00000277DB3656C0>, 'p_inflate': 0.7, 'copy_parent': True, 'operator': 'mul', 'pop_size': 20, 'seed': 45, 'p_m': 1, 'two_trees': True, 'p_deflate': 0.30000000000000004, 'FUNCTIONS': {'add': {'function': <built-in method add of type object at 0x00007FFB8B523450>, 'arity': 2}, 'subtract': {'function': <built-in method sub of type object at 0x00007FFB8B523450>, 'arity': 2}}, 'CONSTANTS': {'constant_0.613936006181931': <function slim.<locals>.<lambda> at 0x00000277DBDE5440>, 'constant_0.7503350595163074': <function slim.<locals>.<lambda> at 0x00000277DBDE6480>, 'constant_0.9351730790299366': <function slim.<locals>.<lambda> at 0x00000277DBDE5A80>, 'constant_0.3881944096681479': <function slim.<locals>.<lambda> at 0x00000277DBDE7C40>, 'constant_0.3236318043736476': <function slim.<locals>.<lambda> at 0x00000277DBDE5620>, 'constant_0.1506283262998439': <function slim.<locals>.<lambda> at 0x00000277DBDE5EE0>, 'constant_0.02668125071003169': <function slim.<locals>.<lambda> at 0x00000277DBDE5C60>, 'constant_0.5963213641645508': <function slim.<locals>.<lambda> at 0x00000277DBDE74C0>, 'constant_0.9325288023242098': <function slim.<locals>.<lambda> at 0x00000277DBDE6340>, 'constant__1.0': <function slim.<locals>.<lambda> at 0x00000277DBDE79C0>}, 'p_c': 0.1, 'init_depth': 2, 'init_pop_size': 20, 'p_test': 0.2}"
2186be09-327b-11f0-95b0-88a4c2b6c82f,"{'run_info': ['SLIM*SIG1', UUID('2186be09-327b-11f0-95b0-88a4c2b6c82f'), 'SLIM-GSGPsustavianfeed'], 'ffunction': <function rmse at 0x00000277DB370040>, 'max_depth': 10, 'reconstruct': False, 'n_iter': 500, 'elitism': True, 'n_elites': 2, 'log': 2, 'verbose': 0, 'n_jobs': 1, 'test_elite': True, 'log_path': './log/SLIM-GSGP/SLIM-GSGP_sustavianfeed_inner_0.csv', 'initializer': <function rhh at 0x00000277DB367920>, 'selector': <function tournament_selection_min.<locals>.ts at 0x00000277DB3F1580>, 'crossover': <function geometric_crossover at 0x00000277DB365260>, 'ms': <function generate_random_uniform.<locals>.generate_num at 0x00000277B9BC9B20>, 'inflate_mutator': <function inflate_mutation.<locals>.inflate at 0x00000277DBE39C60>, 'deflate_mutator': <function deflate_mutation at 0x00000277DB8ED300>, 'p_xo': 0, 'settings_dict': {'p_test': 0.2}, 'find_elit_func': <function get_best_min at 0x00000277DB3656C0>, 'p_inflate': 0.7, 'copy_parent': True, 'operator': 'mul', 'pop_size': 20, 'seed': 45, 'p_m': 1, 'two_trees': False, 'p_deflate': 0.30000000000000004, 'FUNCTIONS': {'add': {'function': <built-in method add of type object at 0x00007FFB8B523450>, 'arity': 2}, 'subtract': {'function': <built-in method sub of type object at 0x00007FFB8B523450>, 'arity': 2}}, 'CONSTANTS': {'constant_0.613936006181931': <function slim.<locals>.<lambda> at 0x00000277DBE3BA60>, 'constant_0.7503350595163074': <function slim.<locals>.<lambda> at 0x00000277DBE38040>, 'constant_0.9351730790299366': <function slim.<locals>.<lambda> at 0x00000277DBE3A200>, 'constant_0.3881944096681479': <function slim.<locals>.<lambda> at 0x00000277DBE387C0>, 'constant_0.3236318043736476': <function slim.<locals>.<lambda> at 0x00000277DBE3B7E0>, 'constant_0.1506283262998439': <function slim.<locals>.<lambda> at 0x00000277DBE3B4C0>, 'constant_0.02668125071003169': <function slim.<locals>.<lambda> at 0x00000277DBE3A340>, 'constant_0.5963213641645508': <function slim.<locals>.<lambda> at 0x00000277DBE38B80>, 'constant_0.9325288023242098': <function slim.<locals>.<lambda> at 0x00000277DBE3B060>, 'constant__1.0': <function slim.<locals>.<lambda> at 0x00000277DBE391C0>}, 'p_c': 0.1, 'init_depth': 2, 'init_pop_size': 20, 'p_test': 0.2}"
2186be09-327b-11f0-95b0-88a4c2b6c82f,"{'run_info': ['SLIM*ABS', UUID('2186be09-327b-11f0-95b0-88a4c2b6c82f'), 'SLIM-GSGPsustavianfeed'], 'ffunction': <function rmse at 0x00000277DB370040>, 'max_depth': 10, 'reconstruct': False, 'n_iter': 500, 'elitism': True, 'n_elites': 2, 'log': 2, 'verbose': 0, 'n_jobs': 1, 'test_elite': True, 'log_path': './log/SLIM-GSGP/SLIM-GSGP_sustavianfeed_inner_0.csv', 'initializer': <function rhh at 0x00000277DB367920>, 'selector': <function tournament_selection_min.<locals>.ts at 0x00000277DBE39C60>, 'crossover': <function geometric_crossover at 0x00000277DB365260>, 'ms': <function generate_random_uniform.<locals>.generate_num at 0x00000277DBE39440>, 'inflate_mutator': <function inflate_mutation.<locals>.inflate at 0x00000277DBDE6E80>, 'deflate_mutator': <function deflate_mutation at 0x00000277DB8ED300>, 'p_xo': 0, 'settings_dict': {'p_test': 0.2}, 'find_elit_func': <function get_best_min at 0x00000277DB3656C0>, 'p_inflate': 0.7, 'copy_parent': True, 'operator': 'mul', 'pop_size': 20, 'seed': 45, 'p_m': 1, 'two_trees': False, 'p_deflate': 0.30000000000000004, 'FUNCTIONS': {'add': {'function': <built-in method add of type object at 0x00007FFB8B523450>, 'arity': 2}, 'subtract': {'function': <built-in method sub of type object at 0x00007FFB8B523450>, 'arity': 2}}, 'CONSTANTS': {'constant_0.613936006181931': <function slim.<locals>.<lambda> at 0x00000277DBDE7BA0>, 'constant_0.7503350595163074': <function slim.<locals>.<lambda> at 0x00000277DBDE58A0>, 'constant_0.9351730790299366': <function slim.<locals>.<lambda> at 0x00000277DBDE6160>, 'constant_0.3881944096681479': <function slim.<locals>.<lambda> at 0x00000277DBDE5F80>, 'constant_0.3236318043736476': <function slim.<locals>.<lambda> at 0x00000277DBDE67A0>, 'constant_0.1506283262998439': <function slim.<locals>.<lambda> at 0x00000277DBDE6DE0>, 'constant_0.02668125071003169': <function slim.<locals>.<lambda> at 0x00000277DBDE7060>, 'constant_0.5963213641645508': <function slim.<locals>.<lambda> at 0x00000277DBDE6980>, 'constant_0.9325288023242098': <function slim.<locals>.<lambda> at 0x00000277DBDE5940>, 'constant__1.0': <function slim.<locals>.<lambda> at 0x00000277DBDE6FC0>}, 'p_c': 0.1, 'init_depth': 2, 'init_pop_size': 20, 'p_test': 0.2}"
2186be09-327b-11f0-95b0-88a4c2b6c82f,"{'run_info': ['SLIM+SIG2', UUID('2186be09-327b-11f0-95b0-88a4c2b6c82f'), 'SLIM-GSGPsustavianfeed'], 'ffunction': <function rmse at 0x00000277DB370040>, 'max_depth': 10, 'reconstruct': False, 'n_iter': 500, 'elitism': True, 'n_elites': 2, 'log': 2, 'verbose': 0, 'n_jobs': 1, 'test_elite': True, 'log_path': './log/SLIM-GSGP/SLIM-GSGP_sustavianfeed_inner_1.csv', 'initializer': <function rhh at 0x00000277DB367920>, 'selector': <function tournament_selection_min.<locals>.ts at 0x00000277DBDE6E80>, 'crossover': <function geometric_crossover at 0x00000277DB365260>, 'ms': <function generate_random_uniform.<locals>.generate_num at 0x00000277B9BC9B20>, 'inflate_mutator': <function inflate_mutation.<locals>.inflate at 0x00000277DB8ECE00>, 'deflate_mutator': <function deflate_mutation at 0x00000277DB8ED300>, 'p_xo': 0, 'settings_dict': {'p_test': 0.2}, 'find_elit_func': <function get_best_min at 0x00000277DB3656C0>, 'p_inflate': 0.7, 'copy_parent': True, 'operator': 'sum', 'pop_size': 20, 'seed': 45, 'p_m': 1, 'two_trees': True, 'p_deflate': 0.30000000000000004, 'FUNCTIONS': {'add': {'function': <built-in method add of type object at 0x00007FFB8B523450>, 'arity': 2}, 'subtract': {'function': <built-in method sub of type object at 0x00007FFB8B523450>, 'arity': 2}}, 'CONSTANTS': {'constant_0.613936006181931': <function slim.<locals>.<lambda> at 0x00000277DB8CB600>, 'constant_0.7503350595163074': <function slim.<locals>.<lambda> at 0x00000277DBA33CE0>, 'constant_0.9351730790299366': <function slim.<locals>.<lambda> at 0x00000277DBA32E80>, 'constant_0.3881944096681479': <function slim.<locals>.<lambda> at 0x00000277DBA32340>, 'constant_0.3236318043736476': <function slim.<locals>.<lambda> at 0x00000277DBA32AC0>, 'constant_0.1506283262998439': <function slim.<locals>.<lambda> at 0x00000277DBA31300>, 'constant_0.02668125071003169': <function slim.<locals>.<lambda> at 0x00000277DB972AC0>, 'constant_0.5963213641645508': <function slim.<locals>.<lambda> at 0x00000277DB972FC0>, 'constant_0.9325288023242098': <function slim.<locals>.<lambda> at 0x00000277DB8ED760>, 'constant__1.0': <function slim.<locals>.<lambda> at 0x00000277DB8ED9E0>}, 'p_c': 0.1, 'init_depth': 2, 'init_pop_size': 20, 'p_test': 0.2}"
2186be09-327b-11f0-95b0-88a4c2b6c82f,"{'run_info': ['SLIM+SIG1', UUID('2186be09-327b-11f0-95b0-88a4c2b6c82f'), 'SLIM-GSGPsustavianfeed'], 'ffunction': <function rmse at 0x00000277DB370040>, 'max_depth': 10, 'reconstruct': False, 'n_iter': 500, 'elitism': True, 'n_elites': 2, 'log': 2, 'verbose': 0, 'n_jobs': 1, 'test_elite': True, 'log_path': './log/SLIM-GSGP/SLIM-GSGP_sustavianfeed_inner_1.csv', 'initializer': <function rhh at 0x00000277DB367920>, 'selector': <function tournament_selection_min.<locals>.ts at 0x00000277B9BC9B20>, 'crossover': <function geometric_crossover at 0x00000277DB365260>, 'ms': <function generate_random_uniform.<locals>.generate_num at 0x00000277B9BC8EA0>, 'inflate_mutator': <function inflate_mutation.<locals>.inflate at 0x00000277DBDF2AC0>, 'deflate_mutator': <function deflate_mutation at 0x00000277DB8ED300>, 'p_xo': 0, 'settings_dict': {'p_test': 0.2}, 'find_elit_func': <function get_best_min at 0x00000277DB3656C0>, 'p_inflate': 0.7, 'copy_parent': True, 'operator': 'sum', 'pop_size': 20, 'seed': 45, 'p_m': 1, 'two_trees': False, 'p_deflate': 0.30000000000000004, 'FUNCTIONS': {'add': {'function': <built-in method add of type object at 0x00007FFB8B523450>, 'arity': 2}, 'subtract': {'function': <built-in method sub of type object at 0x00007FFB8B523450>, 'arity': 2}}, 'CONSTANTS': {'constant_0.613936006181931': <function slim.<locals>.<lambda> at 0x00000277DBDF0AE0>, 'constant_0.7503350595163074': <function slim.<locals>.<lambda> at 0x00000277DBDF1620>, 'constant_0.9351730790299366': <function slim.<locals>.<lambda> at 0x00000277DBDF0220>, 'constant_0.3881944096681479': <function slim.<locals>.<lambda> at 0x00000277DBDF0680>, 'constant_0.3236318043736476': <function slim.<locals>.<lambda> at 0x00000277DBDF0720>, 'constant_0.1506283262998439': <function slim.<locals>.<lambda> at 0x00000277DBDF05E0>, 'constant_0.02668125071003169': <function slim.<locals>.<lambda> at 0x00000277DBDF0900>, 'constant_0.5963213641645508': <function slim.<locals>.<lambda> at 0x00000277DBDF1080>, 'constant_0.9325288023242098': <function slim.<locals>.<lambda> at 0x00000277DBDF09A0>, 'constant__1.0': <function slim.<locals>.<lambda> at 0x00000277DBDF2DE0>}, 'p_c': 0.1, 'init_depth': 2, 'init_pop_size': 20, 'p_test': 0.2}"
2186be09-327b-11f0-95b0-88a4c2b6c82f,"{'run_info': ['SLIM+ABS', UUID('2186be09-327b-11f0-95b0-88a4c2b6c82f'), 'SLIM-GSGPsustavianfeed'], 'ffunction': <function rmse at 0x00000277DB370040>, 'max_depth': 10, 'reconstruct': False, 'n_iter': 500, 'elitism': True, 'n_elites': 2, 'log': 2, 'verbose': 0, 'n_jobs': 1, 'test_elite': True, 'log_path': './log/SLIM-GSGP/SLIM-GSGP_sustavianfeed_inner_1.csv', 'initializer': <function rhh at 0x00000277DB367920>, 'selector': <function tournament_selection_min.<locals>.ts at 0x00000277B9BC8EA0>, 'crossover': <function geometric_crossover at 0x00000277DB365260>, 'ms': <function generate_random_uniform.<locals>.generate_num at 0x00000277DB8EDA80>, 'inflate_mutator': <function inflate_mutation.<locals>.inflate at 0x00000277DBDE6980>, 'deflate_mutator': <function deflate_mutation at 0x00000277DB8ED300>, 'p_xo': 0, 'settings_dict': {'p_test': 0.2}, 'find_elit_func': <function get_best_min at 0x00000277DB3656C0>, 'p_inflate': 0.7, 'copy_parent': True, 'operator': 'sum', 'pop_size': 20, 'seed': 45, 'p_m': 1, 'two_trees': False, 'p_deflate': 0.30000000000000004, 'FUNCTIONS': {'add': {'function': <built-in method add of type object at 0x00007FFB8B523450>, 'arity': 2}, 'subtract': {'function': <built-in method sub of type object at 0x00007FFB8B523450>, 'arity': 2}}, 'CONSTANTS': {'constant_0.613936006181931': <function slim.<locals>.<lambda> at 0x00000277DBDE7240>, 'constant_0.7503350595163074': <function slim.<locals>.<lambda> at 0x00000277DBDE58A0>, 'constant_0.9351730790299366': <function slim.<locals>.<lambda> at 0x00000277DBDE6200>, 'constant_0.3881944096681479': <function slim.<locals>.<lambda> at 0x00000277DBDE6020>, 'constant_0.3236318043736476': <function slim.<locals>.<lambda> at 0x00000277DBDE7600>, 'constant_0.1506283262998439': <function slim.<locals>.<lambda> at 0x00000277DBDE6520>, 'constant_0.02668125071003169': <function slim.<locals>.<lambda> at 0x00000277DBDE62A0>, 'constant_0.5963213641645508': <function slim.<locals>.<lambda> at 0x00000277DBDE5440>, 'constant_0.9325288023242098': <function slim.<locals>.<lambda> at 0x00000277DBDE7D80>, 'constant__1.0': <function slim.<locals>.<lambda> at 0x00000277DBDE5800>}, 'p_c': 0.1, 'init_depth': 2, 'init_pop_size': 20, 'p_test': 0.2}"
2186be09-327b-11f0-95b0-88a4c2b6c82f,"{'run_info': ['SLIM*SIG2', UUID('2186be09-327b-11f0-95b0-88a4c2b6c82f'), 'SLIM-GSGPsustavianfeed'], 'ffunction': <function rmse at 0x00000277DB370040>, 'max_depth': 10, 'reconstruct': False, 'n_iter': 500, 'elitism': True, 'n_elites': 2, 'log': 2, 'verbose': 0, 'n_jobs': 1, 'test_elite': True, 'log_path': './log/SLIM-GSGP/SLIM-GSGP_sustavianfeed_inner_1.csv', 'initializer': <function rhh at 0x00000277DB367920>, 'selector': <function tournament_selection_min.<locals>.ts at 0x00000277DB8EDA80>, 'crossover': <function geometric_crossover at 0x00000277DB365260>, 'ms': <function generate_random_uniform.<locals>.generate_num at 0x00000277DB9F8C20>, 'inflate_mutator': <function inflate_mutation.<locals>.inflate at 0x00000277DBE3B2E0>, 'deflate_mutator': <function deflate_mutation at 0x00000277DB8ED300>, 'p_xo': 0, 'settings_dict': {'p_test': 0.2}, 'find_elit_func': <function get_best_min at 0x00000277DB3656C0>, 'p_inflate': 0.7, 'copy_parent': True, 'operator': 'mul', 'pop_size': 20, 'seed': 45, 'p_m': 1, 'two_trees': True, 'p_deflate': 0.30000000000000004, 'FUNCTIONS': {'add': {'function': <built-in method add of type object at 0x00007FFB8B523450>, 'arity': 2}, 'subtract': {'function': <built-in method sub of type object at 0x00007FFB8B523450>, 'arity': 2}}, 'CONSTANTS': {'constant_0.613936006181931': <function slim.<locals>.<lambda> at 0x00000277DBE3BC40>, 'constant_0.7503350595163074': <function slim.<locals>.<lambda> at 0x00000277DBE380E0>, 'constant_0.9351730790299366': <function slim.<locals>.<lambda> at 0x00000277DBE38220>, 'constant_0.3881944096681479': <function slim.<locals>.<lambda> at 0x00000277DBE399E0>, 'constant_0.3236318043736476': <function slim.<locals>.<lambda> at 0x00000277DBE3BCE0>, 'constant_0.1506283262998439': <function slim.<locals>.<lambda> at 0x00000277DBE3BBA0>, 'constant_0.02668125071003169': <function slim.<locals>.<lambda> at 0x00000277DBE3AFC0>, 'constant_0.5963213641645508': <function slim.<locals>.<lambda> at 0x00000277DBE39120>, 'constant_0.9325288023242098': <function slim.<locals>.<lambda> at 0x00000277DBE3A480>, 'constant__1.0': <function slim.<locals>.<lambda> at 0x00000277DBE39260>}, 'p_c': 0.1, 'init_depth': 2, 'init_pop_size': 20, 'p_test': 0.2}"
2186be09-327b-11f0-95b0-88a4c2b6c82f,"{'run_info': ['SLIM*SIG1', UUID('2186be09-327b-11f0-95b0-88a4c2b6c82f'), 'SLIM-GSGPsustavianfeed'], 'ffunction': <function rmse at 0x00000277DB370040>, 'max_depth': 10, 'reconstruct': False, 'n_iter': 500, 'elitism': True, 'n_elites': 2, 'log': 2, 'verbose': 0, 'n_jobs': 1, 'test_elite': True, 'log_path': './log/SLIM-GSGP/SLIM-GSGP_sustavianfeed_inner_1.csv', 'initializer': <function rhh at 0x00000277DB367920>, 'selector': <function tournament_selection_min.<locals>.ts at 0x00000277DB9F8C20>, 'crossover': <function geometric_crossover at 0x00000277DB365260>, 'ms': <function generate_random_uniform.<locals>.generate_num at 0x00000277DB9F9120>, 'inflate_mutator': <function inflate_mutation.<locals>.inflate at 0x00000277DBDF09A0>, 'deflate_mutator': <function deflate_mutation at 0x00000277DB8ED300>, 'p_xo': 0, 'settings_dict': {'p_test': 0.2}, 'find_elit_func': <function get_best_min at 0x00000277DB3656C0>, 'p_inflate': 0.7, 'copy_parent': True, 'operator': 'mul', 'pop_size': 20, 'seed': 45, 'p_m': 1, 'two_trees': False, 'p_deflate': 0.30000000000000004, 'FUNCTIONS': {'add': {'function': <built-in method add of type object at 0x00007FFB8B523450>, 'arity': 2}, 'subtract': {'function': <built-in method sub of type object at 0x00007FFB8B523450>, 'arity': 2}}, 'CONSTANTS': {'constant_0.613936006181931': <function slim.<locals>.<lambda> at 0x00000277DBDF00E0>, 'constant_0.7503350595163074': <function slim.<locals>.<lambda> at 0x00000277DBDF0680>, 'constant_0.9351730790299366': <function slim.<locals>.<lambda> at 0x00000277DBDF3C40>, 'constant_0.3881944096681479': <function slim.<locals>.<lambda> at 0x00000277DBDF1300>, 'constant_0.3236318043736476': <function slim.<locals>.<lambda> at 0x00000277DBDF1120>, 'constant_0.1506283262998439': <function slim.<locals>.<lambda> at 0x00000277DBDF0400>, 'constant_0.02668125071003169': <function slim.<locals>.<lambda> at 0x00000277DBDF0E00>, 'constant_0.5963213641645508': <function slim.<locals>.<lambda> at 0x00000277DBDF0B80>, 'constant_0.9325288023242098': <function slim.<locals>.<lambda> at 0x00000277DBDF02C0>, 'constant__1.0': <function slim.<locals>.<lambda> at 0x00000277DBDF04A0>}, 'p_c': 0.1, 'init_depth': 2, 'init_pop_size': 20, 'p_test': 0.2}"
2186be09-327b-11f0-95b0-88a4c2b6c82f,"{'run_info': ['SLIM*ABS', UUID('2186be09-327b-11f0-95b0-88a4c2b6c82f'), 'SLIM-GSGPsustavianfeed'], 'ffunction': <function rmse at 0x00000277DB370040>, 'max_depth': 10, 'reconstruct': False, 'n_iter': 500, 'elitism': True, 'n_elites': 2, 'log': 2, 'verbose': 0, 'n_jobs': 1, 'test_elite': True, 'log_path': './log/SLIM-GSGP/SLIM-GSGP_sustavianfeed_inner_1.csv', 'initializer': <function rhh at 0x00000277DB367920>, 'selector': <function tournament_selection_min.<locals>.ts at 0x00000277DB9F9120>, 'crossover': <function geometric_crossover at 0x00000277DB365260>, 'ms': <function generate_random_uniform.<locals>.generate_num at 0x00000277DB8ED9E0>, 'inflate_mutator': <function inflate_mutation.<locals>.inflate at 0x00000277DBDE6AC0>, 'deflate_mutator': <function deflate_mutation at 0x00000277DB8ED300>, 'p_xo': 0, 'settings_dict': {'p_test': 0.2}, 'find_elit_func': <function get_best_min at 0x00000277DB3656C0>, 'p_inflate': 0.7, 'copy_parent': True, 'operator': 'mul', 'pop_size': 20, 'seed': 45, 'p_m': 1, 'two_trees': False, 'p_deflate': 0.30000000000000004, 'FUNCTIONS': {'add': {'function': <built-in method add of type object at 0x00007FFB8B523450>, 'arity': 2}, 'subtract': {'function': <built-in method sub of type object at 0x00007FFB8B523450>, 'arity': 2}}, 'CONSTANTS': {'constant_0.613936006181931': <function slim.<locals>.<lambda> at 0x00000277DBDE6200>, 'constant_0.7503350595163074': <function slim.<locals>.<lambda> at 0x00000277DBDE6D40>, 'constant_0.9351730790299366': <function slim.<locals>.<lambda> at 0x00000277DBDE5F80>, 'constant_0.3881944096681479': <function slim.<locals>.<lambda> at 0x00000277DBDE74C0>, 'constant_0.3236318043736476': <function slim.<locals>.<lambda> at 0x00000277DBDE7880>, 'constant_0.1506283262998439': <function slim.<locals>.<lambda> at 0x00000277DBDE5940>, 'constant_0.02668125071003169': <function slim.<locals>.<lambda> at 0x00000277DBDE7060>, 'constant_0.5963213641645508': <function slim.<locals>.<lambda> at 0x00000277DBDE79C0>, 'constant_0.9325288023242098': <function slim.<locals>.<lambda> at 0x00000277DBDE6F20>, 'constant__1.0': <function slim.<locals>.<lambda> at 0x00000277DBDE76A0>}, 'p_c': 0.1, 'init_depth': 2, 'init_pop_size': 20, 'p_test': 0.2}"
2186be09-327b-11f0-95b0-88a4c2b6c82f,"{'run_info': ['SLIM+SIG2', UUID('2186be09-327b-11f0-95b0-88a4c2b6c82f'), 'SLIM-GSGPsustavianfeed'], 'ffunction': <function rmse at 0x00000277DB370040>, 'max_depth': 10, 'reconstruct': False, 'n_iter': 500, 'elitism': True, 'n_elites': 2, 'log': 2, 'verbose': 0, 'n_jobs': 1, 'test_elite': True, 'log_path': './log/SLIM-GSGP/SLIM-GSGP_sustavianfeed_inner_2.csv', 'initializer': <function rhh at 0x00000277DB367920>, 'selector': <function tournament_selection_min.<locals>.ts at 0x00000277DBDE6AC0>, 'crossover': <function geometric_crossover at 0x00000277DB365260>, 'ms': <function generate_random_uniform.<locals>.generate_num at 0x00000277DB9E2200>, 'inflate_mutator': <function inflate_mutation.<locals>.inflate at 0x00000277DBB59800>, 'deflate_mutator': <function deflate_mutation at 0x00000277DB8ED300>, 'p_xo': 0, 'settings_dict': {'p_test': 0.2}, 'find_elit_func': <function get_best_min at 0x00000277DB3656C0>, 'p_inflate': 0.7, 'copy_parent': True, 'operator': 'sum', 'pop_size': 20, 'seed': 45, 'p_m': 1, 'two_trees': True, 'p_deflate': 0.30000000000000004, 'FUNCTIONS': {'add': {'function': <built-in method add of type object at 0x00007FFB8B523450>, 'arity': 2}, 'subtract': {'function': <built-in method sub of type object at 0x00007FFB8B523450>, 'arity': 2}}, 'CONSTANTS': {'constant_0.613936006181931': <function slim.<locals>.<lambda> at 0x00000277DB9E2840>, 'constant_0.7503350595163074': <function slim.<locals>.<lambda> at 0x00000277DB9E1760>, 'constant_0.9351730790299366': <function slim.<locals>.<lambda> at 0x00000277DBB5B600>, 'constant_0.3881944096681479': <function slim.<locals>.<lambda> at 0x00000277DBB59A80>, 'constant_0.3236318043736476': <function slim.<locals>.<lambda> at 0x00000277DBB598A0>, 'constant_0.1506283262998439': <function slim.<locals>.<lambda> at 0x00000277DBB5AD40>, 'constant_0.02668125071003169': <function slim.<locals>.<lambda> at 0x00000277DBB5B240>, 'constant_0.5963213641645508': <function slim.<locals>.<lambda> at 0x00000277DBB596C0>, 'constant_0.9325288023242098': <function slim.<locals>.<lambda> at 0x00000277DBB58FE0>, 'constant__1.0': <function slim.<locals>.<lambda> at 0x00000277DBB59F80>}, 'p_c': 0.1, 'init_depth': 2, 'init_pop_size': 20, 'p_test': 0.2}"
2186be09-327b-11f0-95b0-88a4c2b6c82f,"{'run_info': ['SLIM+SIG1', UUID('2186be09-327b-11f0-95b0-88a4c2b6c82f'), 'SLIM-GSGPsustavianfeed'], 'ffunction': <function rmse at 0x00000277DB370040>, 'max_depth': 10, 'reconstruct': False, 'n_iter': 500, 'elitism': True, 'n_elites': 2, 'log': 2, 'verbose': 0, 'n_jobs': 1, 'test_elite': True, 'log_path': './log/SLIM-GSGP/SLIM-GSGP_sustavianfeed_inner_2.csv', 'initializer': <function rhh at 0x00000277DB367920>, 'selector': <function tournament_selection_min.<locals>.ts at 0x00000277DB9E2200>, 'crossover': <function geometric_crossover at 0x00000277DB365260>, 'ms': <function generate_random_uniform.<locals>.generate_num at 0x00000277DBA33CE0>, 'inflate_mutator': <function inflate_mutation.<locals>.inflate at 0x00000277DBDF25C0>, 'deflate_mutator': <function deflate_mutation at 0x00000277DB8ED300>, 'p_xo': 0, 'settings_dict': {'p_test': 0.2}, 'find_elit_func': <function get_best_min at 0x00000277DB3656C0>, 'p_inflate': 0.7, 'copy_parent': True, 'operator': 'sum', 'pop_size': 20, 'seed': 45, 'p_m': 1, 'two_trees': False, 'p_deflate': 0.30000000000000004, 'FUNCTIONS': {'add': {'function': <built-in method add of type object at 0x00007FFB8B523450>, 'arity': 2}, 'subtract': {'function': <built-in method sub of type object at 0x00007FFB8B523450>, 'arity': 2}}, 'CONSTANTS': {'constant_0.613936006181931': <function slim.<locals>.<lambda> at 0x00000277DBDF2CA0>, 'constant_0.7503350595163074': <function slim.<locals>.<lambda> at 0x00000277DBDF1080>, 'constant_0.9351730790299366': <function slim.<locals>.<lambda> at 0x00000277DBDF37E0>, 'constant_0.3881944096681479': <function slim.<locals>.<lambda> at 0x00000277DBDF16C0>, 'constant_0.3236318043736476': <function slim.<locals>.<lambda> at 0x00000277DBDF2D40>, 'constant_0.1506283262998439': <function slim.<locals>.<lambda> at 0x00000277DBDF0E00>, 'constant_0.02668125071003169': <function slim.<locals>.<lambda> at 0x00000277DBDF05E0>, 'constant_0.5963213641645508': <function slim.<locals>.<lambda> at 0x00000277DBDF18A0>, 'constant_0.9325288023242098': <function slim.<locals>.<lambda> at 0x00000277DBDF0AE0>, 'constant__1.0': <function slim.<locals>.<lambda> at 0x00000277DBDF28E0>}, 'p_c': 0.1, 'init_depth': 2, 'init_pop_size': 20, 'p_test': 0.2}"
2186be09-327b-11f0-95b0-88a4c2b6c82f,"{'run_info': ['SLIM+ABS', UUID('2186be09-327b-11f0-95b0-88a4c2b6c82f'), 'SLIM-GSGPsustavianfeed'], 'ffunction': <function rmse at 0x00000277DB370040>, 'max_depth': 10, 'reconstruct': False, 'n_iter': 500, 'elitism': True, 'n_elites': 2, 'log': 2, 'verbose': 0, 'n_jobs': 1, 'test_elite': True, 'log_path': './log/SLIM-GSGP/SLIM-GSGP_sustavianfeed_inner_2.csv', 'initializer': <function rhh at 0x00000277DB367920>, 'selector': <function tournament_selection_min.<locals>.ts at 0x00000277DBA33CE0>, 'crossover': <function geometric_crossover at 0x00000277DB365260>, 'ms': <function generate_random_uniform.<locals>.generate_num at 0x00000277DB3F0E00>, 'inflate_mutator': <function inflate_mutation.<locals>.inflate at 0x00000277DBDE6A20>, 'deflate_mutator': <function deflate_mutation at 0x00000277DB8ED300>, 'p_xo': 0, 'settings_dict': {'p_test': 0.2}, 'find_elit_func': <function get_best_min at 0x00000277DB3656C0>, 'p_inflate': 0.7, 'copy_parent': True, 'operator': 'sum', 'pop_size': 20, 'seed': 45, 'p_m': 1, 'two_trees': False, 'p_deflate': 0.30000000000000004, 'FUNCTIONS': {'add': {'function': <built-in method add of type object at 0x00007FFB8B523450>, 'arity': 2}, 'subtract': {'function': <built-in method sub of type object at 0x00007FFB8B523450>, 'arity': 2}}, 'CONSTANTS': {'constant_0.613936006181931': <function slim.<locals>.<lambda> at 0x00000277DBE3A700>, 'constant_0.7503350595163074': <function slim.<locals>.<lambda> at 0x00000277DBE3A160>, 'constant_0.9351730790299366': <function slim.<locals>.<lambda> at 0x00000277DBE38FE0>, 'constant_0.3881944096681479': <function slim.<locals>.<lambda> at 0x00000277DBE39BC0>, 'constant_0.3236318043736476': <function slim.<locals>.<lambda> at 0x00000277DBDE7060>, 'constant_0.1506283262998439': <function slim.<locals>.<lambda> at 0x00000277DBDE5800>, 'constant_0.02668125071003169': <function slim.<locals>.<lambda> at 0x00000277DBDE65C0>, 'constant_0.5963213641645508': <function slim.<locals>.<lambda> at 0x00000277DBDE58A0>, 'constant_0.9325288023242098': <function slim.<locals>.<lambda> at 0x00000277DBDE6F20>, 'constant__1.0': <function slim.<locals>.<lambda> at 0x00000277DBDE7600>}, 'p_c': 0.1, 'init_depth': 2, 'init_pop_size': 20, 'p_test': 0.2}"
2186be09-327b-11f0-95b0-88a4c2b6c82f,"{'run_info': ['SLIM*SIG2', UUID('2186be09-327b-11f0-95b0-88a4c2b6c82f'), 'SLIM-GSGPsustavianfeed'], 'ffunction': <function rmse at 0x00000277DB370040>, 'max_depth': 10, 'reconstruct': False, 'n_iter': 500, 'elitism': True, 'n_elites': 2, 'log': 2, 'verbose': 0, 'n_jobs': 1, 'test_elite': True, 'log_path': './log/SLIM-GSGP/SLIM-GSGP_sustavianfeed_inner_2.csv', 'initializer': <function rhh at 0x00000277DB367920>, 'selector': <function tournament_selection_min.<locals>.ts at 0x00000277DBE3BC40>, 'crossover': <function geometric_crossover at 0x00000277DB365260>, 'ms': <function generate_random_uniform.<locals>.generate_num at 0x00000277DBA04C20>, 'inflate_mutator': <function inflate_mutation.<locals>.inflate at 0x00000277DBE3A480>, 'deflate_mutator': <function deflate_mutation at 0x00000277DB8ED300>, 'p_xo': 0, 'settings_dict': {'p_test': 0.2}, 'find_elit_func': <function get_best_min at 0x00000277DB3656C0>, 'p_inflate': 0.7, 'copy_parent': True, 'operator': 'mul', 'pop_size': 20, 'seed': 45, 'p_m': 1, 'two_trees': True, 'p_deflate': 0.30000000000000004, 'FUNCTIONS': {'add': {'function': <built-in method add of type object at 0x00007FFB8B523450>, 'arity': 2}, 'subtract': {'function': <built-in method sub of type object at 0x00007FFB8B523450>, 'arity': 2}}, 'CONSTANTS': {'constant_0.613936006181931': <function slim.<locals>.<lambda> at 0x00000277DBE38220>, 'constant_0.7503350595163074': <function slim.<locals>.<lambda> at 0x00000277DBE382C0>, 'constant_0.9351730790299366': <function slim.<locals>.<lambda> at 0x00000277DBE3B2E0>, 'constant_0.3881944096681479': <function slim.<locals>.<lambda> at 0x00000277DBE3A840>, 'constant_0.3236318043736476': <function slim.<locals>.<lambda> at 0x00000277DBE38EA0>, 'constant_0.1506283262998439': <function slim.<locals>.<lambda> at 0x00000277DBE3B560>, 'constant_0.02668125071003169': <function slim.<locals>.<lambda> at 0x00000277DBE39080>, 'constant_0.5963213641645508': <function slim.<locals>.<lambda> at 0x00000277DBE38860>, 'constant_0.9325288023242098': <function slim.<locals>.<lambda> at 0x00000277DBE3ACA0>, 'constant__1.0': <function slim.<locals>.<lambda> at 0x00000277DBE391C0>}, 'p_c': 0.1, 'init_depth': 2, 'init_pop_size': 20, 'p_test': 0.2}"
2186be09-327b-11f0-95b0-88a4c2b6c82f,"{'run_info': ['SLIM*SIG1', UUID('2186be09-327b-11f0-95b0-88a4c2b6c82f'), 'SLIM-GSGPsustavianfeed'], 'ffunction': <function rmse at 0x00000277DB370040>, 'max_depth': 10, 'reconstruct': False, 'n_iter': 500, 'elitism': True, 'n_elites': 2, 'log': 2, 'verbose': 0, 'n_jobs': 1, 'test_elite': True, 'log_path': './log/SLIM-GSGP/SLIM-GSGP_sustavianfeed_inner_2.csv', 'initializer': <function rhh at 0x00000277DB367920>, 'selector': <function tournament_selection_min.<locals>.ts at 0x00000277DBA04C20>, 'crossover': <function geometric_crossover at 0x00000277DB365260>, 'ms': <function generate_random_uniform.<locals>.generate_num at 0x00000277D3BD71A0>, 'inflate_mutator': <function inflate_mutation.<locals>.inflate at 0x00000277DBDF2CA0>, 'deflate_mutator': <function deflate_mutation at 0x00000277DB8ED300>, 'p_xo': 0, 'settings_dict': {'p_test': 0.2}, 'find_elit_func': <function get_best_min at 0x00000277DB3656C0>, 'p_inflate': 0.7, 'copy_parent': True, 'operator': 'mul', 'pop_size': 20, 'seed': 45, 'p_m': 1, 'two_trees': False, 'p_deflate': 0.30000000000000004, 'FUNCTIONS': {'add': {'function': <built-in method add of type object at 0x00007FFB8B523450>, 'arity': 2}, 'subtract': {'function': <built-in method sub of type object at 0x00007FFB8B523450>, 'arity': 2}}, 'CONSTANTS': {'constant_0.613936006181931': <function slim.<locals>.<lambda> at 0x00000277DBDF1300>, 'constant_0.7503350595163074': <function slim.<locals>.<lambda> at 0x00000277DBDF14E0>, 'constant_0.9351730790299366': <function slim.<locals>.<lambda> at 0x00000277DBDF13A0>, 'constant_0.3881944096681479': <function slim.<locals>.<lambda> at 0x00000277DBDF1440>, 'constant_0.3236318043736476': <function slim.<locals>.<lambda> at 0x00000277DBDF2480>, 'constant_0.1506283262998439': <function slim.<locals>.<lambda> at 0x00000277DBDF04A0>, 'constant_0.02668125071003169': <function slim.<locals>.<lambda> at 0x00000277DBDF3380>, 'constant_0.5963213641645508': <function slim.<locals>.<lambda> at 0x00000277DBDF32E0>, 'constant_0.9325288023242098': <function slim.<locals>.<lambda> at 0x00000277DBDF25C0>, 'constant__1.0': <function slim.<locals>.<lambda> at 0x00000277DBDF34C0>}, 'p_c': 0.1, 'init_depth': 2, 'init_pop_size': 20, 'p_test': 0.2}"
2186be09-327b-11f0-95b0-88a4c2b6c82f,"{'run_info': ['SLIM*ABS', UUID('2186be09-327b-11f0-95b0-88a4c2b6c82f'), 'SLIM-GSGPsustavianfeed'], 'ffunction': <function rmse at 0x00000277DB370040>, 'max_depth': 10, 'reconstruct': False, 'n_iter': 500, 'elitism': True, 'n_elites': 2, 'log': 2, 'verbose': 0, 'n_jobs': 1, 'test_elite': True, 'log_path': './log/SLIM-GSGP/SLIM-GSGP_sustavianfeed_inner_2.csv', 'initializer': <function rhh at 0x00000277DB367920>, 'selector': <function tournament_selection_min.<locals>.ts at 0x00000277D3BD71A0>, 'crossover': <function geometric_crossover at 0x00000277DB365260>, 'ms': <function generate_random_uniform.<locals>.generate_num at 0x00000277DB9E2340>, 'inflate_mutator': <function inflate_mutation.<locals>.inflate at 0x00000277DBB5BCE0>, 'deflate_mutator': <function deflate_mutation at 0x00000277DB8ED300>, 'p_xo': 0, 'settings_dict': {'p_test': 0.2}, 'find_elit_func': <function get_best_min at 0x00000277DB3656C0>, 'p_inflate': 0.7, 'copy_parent': True, 'operator': 'mul', 'pop_size': 20, 'seed': 45, 'p_m': 1, 'two_trees': False, 'p_deflate': 0.30000000000000004, 'FUNCTIONS': {'add': {'function': <built-in method add of type object at 0x00007FFB8B523450>, 'arity': 2}, 'subtract': {'function': <built-in method sub of type object at 0x00007FFB8B523450>, 'arity': 2}}, 'CONSTANTS': {'constant_0.613936006181931': <function slim.<locals>.<lambda> at 0x00000277DBB59A80>, 'constant_0.7503350595163074': <function slim.<locals>.<lambda> at 0x00000277DBB5A520>, 'constant_0.9351730790299366': <function slim.<locals>.<lambda> at 0x00000277DBB59EE0>, 'constant_0.3881944096681479': <function slim.<locals>.<lambda> at 0x00000277DBB58D60>, 'constant_0.3236318043736476': <function slim.<locals>.<lambda> at 0x00000277DBB59940>, 'constant_0.1506283262998439': <function slim.<locals>.<lambda> at 0x00000277DBB594E0>, 'constant_0.02668125071003169': <function slim.<locals>.<lambda> at 0x00000277DBB58C20>, 'constant_0.5963213641645508': <function slim.<locals>.<lambda> at 0x00000277DBB580E0>, 'constant_0.9325288023242098': <function slim.<locals>.<lambda> at 0x00000277DBB5A840>, 'constant__1.0': <function slim.<locals>.<lambda> at 0x00000277DBB5A340>}, 'p_c': 0.1, 'init_depth': 2, 'init_pop_size': 20, 'p_test': 0.2}"
2186be09-327b-11f0-95b0-88a4c2b6c82f,"{'run_info': ['SLIM*ABS', UUID('2186be09-327b-11f0-95b0-88a4c2b6c82f'), 'SLIM-GSGPsustavianfeed'], 'ffunction': <function rmse at 0x00000277DB370040>, 'max_depth': 10, 'reconstruct': False, 'n_iter': 500, 'elitism': True, 'n_elites': 2, 'log': 2, 'verbose': 0, 'n_jobs': 1, 'test_elite': True, 'log_path': './log/SLIM-GSGP/SLIM-GSGP_sustavianfeed_outer_0.csv', 'initializer': <function rhh at 0x00000277DB367920>, 'selector': <function tournament_selection_min.<locals>.ts at 0x00000277DBE3BF60>, 'crossover': <function geometric_crossover at 0x00000277DB365260>, 'ms': <function generate_random_uniform.<locals>.generate_num at 0x00000277DBE399E0>, 'inflate_mutator': <function inflate_mutation.<locals>.inflate at 0x00000277DBE3AD40>, 'deflate_mutator': <function deflate_mutation at 0x00000277DB8ED300>, 'p_xo': 0, 'settings_dict': {'p_test': 0.2}, 'find_elit_func': <function get_best_min at 0x00000277DB3656C0>, 'p_inflate': 0.7, 'copy_parent': True, 'operator': 'mul', 'pop_size': 20, 'seed': 44, 'p_m': 1, 'two_trees': False, 'p_deflate': 0.30000000000000004, 'FUNCTIONS': {'add': {'function': <built-in method add of type object at 0x00007FFB8B523450>, 'arity': 2}, 'subtract': {'function': <built-in method sub of type object at 0x00007FFB8B523450>, 'arity': 2}}, 'CONSTANTS': {'constant_0.613936006181931': <function slim.<locals>.<lambda> at 0x00000277DBE38900>, 'constant_0.7503350595163074': <function slim.<locals>.<lambda> at 0x00000277DBE3A020>, 'constant_0.9351730790299366': <function slim.<locals>.<lambda> at 0x00000277DBE3B740>, 'constant_0.3881944096681479': <function slim.<locals>.<lambda> at 0x00000277DBE39120>, 'constant_0.3236318043736476': <function slim.<locals>.<lambda> at 0x00000277DBE3AE80>, 'constant_0.1506283262998439': <function slim.<locals>.<lambda> at 0x00000277DBE39260>, 'constant_0.02668125071003169': <function slim.<locals>.<lambda> at 0x00000277DBE3B9C0>, 'constant_0.5963213641645508': <function slim.<locals>.<lambda> at 0x00000277DBE38B80>, 'constant_0.9325288023242098': <function slim.<locals>.<lambda> at 0x00000277DBE38040>, 'constant__1.0': <function slim.<locals>.<lambda> at 0x00000277DBE3BCE0>}, 'p_c': 0.1, 'init_depth': 2, 'init_pop_size': 20, 'p_test': 0.2}"
2186be09-327b-11f0-95b0-88a4c2b6c82f,"{'run_info': ['SLIM+SIG2', UUID('2186be09-327b-11f0-95b0-88a4c2b6c82f'), 'SLIM-GSGPsustavianfeed'], 'ffunction': <function rmse at 0x00000277DB370040>, 'max_depth': 10, 'reconstruct': False, 'n_iter': 500, 'elitism': True, 'n_elites': 2, 'log': 2, 'verbose': 0, 'n_jobs': 1, 'test_elite': True, 'log_path': './log/SLIM-GSGP/SLIM-GSGP_sustavianfeed_inner_0.csv', 'initializer': <function rhh at 0x00000277DB367920>, 'selector': <function tournament_selection_min.<locals>.ts at 0x00000277DBDE5EE0>, 'crossover': <function geometric_crossover at 0x00000277DB365260>, 'ms': <function generate_random_uniform.<locals>.generate_num at 0x00000277DB9E19E0>, 'inflate_mutator': <function inflate_mutation.<locals>.inflate at 0x00000277DBDE7E20>, 'deflate_mutator': <function deflate_mutation at 0x00000277DB8ED300>, 'p_xo': 0, 'settings_dict': {'p_test': 0.2}, 'find_elit_func': <function get_best_min at 0x00000277DB3656C0>, 'p_inflate': 0.7, 'copy_parent': True, 'operator': 'sum', 'pop_size': 20, 'seed': 45, 'p_m': 1, 'two_trees': True, 'p_deflate': 0.30000000000000004, 'FUNCTIONS': {'add': {'function': <built-in method add of type object at 0x00007FFB8B523450>, 'arity': 2}, 'subtract': {'function': <built-in method sub of type object at 0x00007FFB8B523450>, 'arity': 2}}, 'CONSTANTS': {'constant_0.613936006181931': <function slim.<locals>.<lambda> at 0x00000277DB8EDA80>, 'constant_0.7503350595163074': <function slim.<locals>.<lambda> at 0x00000277DB8ED9E0>, 'constant_0.9351730790299366': <function slim.<locals>.<lambda> at 0x00000277DB8ECE00>, 'constant_0.3881944096681479': <function slim.<locals>.<lambda> at 0x00000277DB8ED760>, 'constant_0.3236318043736476': <function slim.<locals>.<lambda> at 0x00000277DB8ED8A0>, 'constant_0.1506283262998439': <function slim.<locals>.<lambda> at 0x00000277DBA1F380>, 'constant_0.02668125071003169': <function slim.<locals>.<lambda> at 0x00000277DBA1E2A0>, 'constant_0.5963213641645508': <function slim.<locals>.<lambda> at 0x00000277DBA1DB20>, 'constant_0.9325288023242098': <function slim.<locals>.<lambda> at 0x00000277DBA1F060>, 'constant__1.0': <function slim.<locals>.<lambda> at 0x00000277DBDE54E0>}, 'p_c': 0.1, 'init_depth': 2, 'init_pop_size': 20, 'p_test': 0.2}"
2186be09-327b-11f0-95b0-88a4c2b6c82f,"{'run_info': ['SLIM+SIG1', UUID('2186be09-327b-11f0-95b0-88a4c2b6c82f'), 'SLIM-GSGPsustavianfeed'], 'ffunction': <function rmse at 0x00000277DB370040>, 'max_depth': 10, 'reconstruct': False, 'n_iter': 500, 'elitism': True, 'n_elites': 2, 'log': 2, 'verbose': 0, 'n_jobs': 1, 'test_elite': True, 'log_path': './log/SLIM-GSGP/SLIM-GSGP_sustavianfeed_inner_0.csv', 'initializer': <function rhh at 0x00000277DB367920>, 'selector': <function tournament_selection_min.<locals>.ts at 0x00000277DB9E19E0>, 'crossover': <function geometric_crossover at 0x00000277DB365260>, 'ms': <function generate_random_uniform.<locals>.generate_num at 0x00000277DB9F8C20>, 'inflate_mutator': <function inflate_mutation.<locals>.inflate at 0x00000277DBDE6B60>, 'deflate_mutator': <function deflate_mutation at 0x00000277DB8ED300>, 'p_xo': 0, 'settings_dict': {'p_test': 0.2}, 'find_elit_func': <function get_best_min at 0x00000277DB3656C0>, 'p_inflate': 0.7, 'copy_parent': True, 'operator': 'sum', 'pop_size': 20, 'seed': 45, 'p_m': 1, 'two_trees': False, 'p_deflate': 0.30000000000000004, 'FUNCTIONS': {'add': {'function': <built-in method add of type object at 0x00007FFB8B523450>, 'arity': 2}, 'subtract': {'function': <built-in method sub of type object at 0x00007FFB8B523450>, 'arity': 2}}, 'CONSTANTS': {'constant_0.613936006181931': <function slim.<locals>.<lambda> at 0x00000277DBDE6980>, 'constant_0.7503350595163074': <function slim.<locals>.<lambda> at 0x00000277DBDE7BA0>, 'constant_0.9351730790299366': <function slim.<locals>.<lambda> at 0x00000277DBDE7240>, 'constant_0.3881944096681479': <function slim.<locals>.<lambda> at 0x00000277DBDE7060>, 'constant_0.3236318043736476': <function slim.<locals>.<lambda> at 0x00000277DBDE7D80>, 'constant_0.1506283262998439': <function slim.<locals>.<lambda> at 0x00000277DBDE7F60>, 'constant_0.02668125071003169': <function slim.<locals>.<lambda> at 0x00000277DBDE5760>, 'constant_0.5963213641645508': <function slim.<locals>.<lambda> at 0x00000277DBDE5580>, 'constant_0.9325288023242098': <function slim.<locals>.<lambda> at 0x00000277DBDE79C0>, 'constant__1.0': <function slim.<locals>.<lambda> at 0x00000277DBDE6520>}, 'p_c': 0.1, 'init_depth': 2, 'init_pop_size': 20, 'p_test': 0.2}"
2186be09-327b-11f0-95b0-88a4c2b6c82f,"{'run_info': ['SLIM+ABS', UUID('2186be09-327b-11f0-95b0-88a4c2b6c82f'), 'SLIM-GSGPsustavianfeed'], 'ffunction': <function rmse at 0x00000277DB370040>, 'max_depth': 10, 'reconstruct': False, 'n_iter': 500, 'elitism': True, 'n_elites': 2, 'log': 2, 'verbose': 0, 'n_jobs': 1, 'test_elite': True, 'log_path': './log/SLIM-GSGP/SLIM-GSGP_sustavianfeed_inner_0.csv', 'initializer': <function rhh at 0x00000277DB367920>, 'selector': <function tournament_selection_min.<locals>.ts at 0x00000277DB9F8C20>, 'crossover': <function geometric_crossover at 0x00000277DB365260>, 'ms': <function generate_random_uniform.<locals>.generate_num at 0x00000277DBDE5DA0>, 'inflate_mutator': <function inflate_mutation.<locals>.inflate at 0x00000277DB9E3060>, 'deflate_mutator': <function deflate_mutation at 0x00000277DB8ED300>, 'p_xo': 0, 'settings_dict': {'p_test': 0.2}, 'find_elit_func': <function get_best_min at 0x00000277DB3656C0>, 'p_inflate': 0.7, 'copy_parent': True, 'operator': 'sum', 'pop_size': 20, 'seed': 45, 'p_m': 1, 'two_trees': False, 'p_deflate': 0.30000000000000004, 'FUNCTIONS': {'add': {'function': <built-in method add of type object at 0x00007FFB8B523450>, 'arity': 2}, 'subtract': {'function': <built-in method sub of type object at 0x00007FFB8B523450>, 'arity': 2}}, 'CONSTANTS': {'constant_0.613936006181931': <function slim.<locals>.<lambda> at 0x00000277DB990540>, 'constant_0.7503350595163074': <function slim.<locals>.<lambda> at 0x00000277DB990A40>, 'constant_0.9351730790299366': <function slim.<locals>.<lambda> at 0x00000277DB993920>, 'constant_0.3881944096681479': <function slim.<locals>.<lambda> at 0x00000277DB993A60>, 'constant_0.3236318043736476': <function slim.<locals>.<lambda> at 0x00000277DB9E2840>, 'constant_0.1506283262998439': <function slim.<locals>.<lambda> at 0x00000277DB9E1760>, 'constant_0.02668125071003169': <function slim.<locals>.<lambda> at 0x00000277DB9E3600>, 'constant_0.5963213641645508': <function slim.<locals>.<lambda> at 0x00000277DB9E2340>, 'constant_0.9325288023242098': <function slim.<locals>.<lambda> at 0x00000277DB9E0FE0>, 'constant__1.0': <function slim.<locals>.<lambda> at 0x00000277DB9E1DA0>}, 'p_c': 0.1, 'init_depth': 2, 'init_pop_size': 20, 'p_test': 0.2}"
2186be09-327b-11f0-95b0-88a4c2b6c82f,"{'run_info': ['SLIM*SIG2', UUID('2186be09-327b-11f0-95b0-88a4c2b6c82f'), 'SLIM-GSGPsustavianfeed'], 'ffunction': <function rmse at 0x00000277DB370040>, 'max_depth': 10, 'reconstruct': False, 'n_iter': 500, 'elitism': True, 'n_elites': 2, 'log': 2, 'verbose': 0, 'n_jobs': 1, 'test_elite': True, 'log_path': './log/SLIM-GSGP/SLIM-GSGP_sustavianfeed_inner_0.csv', 'initializer': <function rhh at 0x00000277DB367920>, 'selector': <function tournament_selection_min.<locals>.ts at 0x00000277DBDE5DA0>, 'crossover': <function geometric_crossover at 0x00000277DB365260>, 'ms': <function generate_random_uniform.<locals>.generate_num at 0x00000277DB8ECE00>, 'inflate_mutator': <function inflate_mutation.<locals>.inflate at 0x00000277DBE3A0C0>, 'deflate_mutator': <function deflate_mutation at 0x00000277DB8ED300>, 'p_xo': 0, 'settings_dict': {'p_test': 0.2}, 'find_elit_func': <function get_best_min at 0x00000277DB3656C0>, 'p_inflate': 0.7, 'copy_parent': True, 'operator': 'mul', 'pop_size': 20, 'seed': 45, 'p_m': 1, 'two_trees': True, 'p_deflate': 0.30000000000000004, 'FUNCTIONS': {'add': {'function': <built-in method add of type object at 0x00007FFB8B523450>, 'arity': 2}, 'subtract': {'function': <built-in method sub of type object at 0x00007FFB8B523450>, 'arity': 2}}, 'CONSTANTS': {'constant_0.613936006181931': <function slim.<locals>.<lambda> at 0x00000277DBE38E00>, 'constant_0.7503350595163074': <function slim.<locals>.<lambda> at 0x00000277DBE3AE80>, 'constant_0.9351730790299366': <function slim.<locals>.<lambda> at 0x00000277DBE3B420>, 'constant_0.3881944096681479': <function slim.<locals>.<lambda> at 0x00000277DBE39EE0>, 'constant_0.3236318043736476': <function slim.<locals>.<lambda> at 0x00000277DBE3A020>, 'constant_0.1506283262998439': <function slim.<locals>.<lambda> at 0x00000277DBE3A200>, 'constant_0.02668125071003169': <function slim.<locals>.<lambda> at 0x00000277DBE393A0>, 'constant_0.5963213641645508': <function slim.<locals>.<lambda> at 0x00000277DBE3BF60>, 'constant_0.9325288023242098': <function slim.<locals>.<lambda> at 0x00000277DBE3BCE0>, 'constant__1.0': <function slim.<locals>.<lambda> at 0x00000277DBE3AD40>}, 'p_c': 0.1, 'init_depth': 2, 'init_pop_size': 20, 'p_test': 0.2}"
2186be09-327b-11f0-95b0-88a4c2b6c82f,"{'run_info': ['SLIM*SIG1', UUID('2186be09-327b-11f0-95b0-88a4c2b6c82f'), 'SLIM-GSGPsustavianfeed'], 'ffunction': <function rmse at 0x00000277DB370040>, 'max_depth': 10, 'reconstruct': False, 'n_iter': 500, 'elitism': True, 'n_elites': 2, 'log': 2, 'verbose': 0, 'n_jobs': 1, 'test_elite': True, 'log_path': './log/SLIM-GSGP/SLIM-GSGP_sustavianfeed_inner_0.csv', 'initializer': <function rhh at 0x00000277DB367920>, 'selector': <function tournament_selection_min.<locals>.ts at 0x00000277DB8ECE00>, 'crossover': <function geometric_crossover at 0x00000277DB365260>, 'ms': <function generate_random_uniform.<locals>.generate_num at 0x00000277B9BC9B20>, 'inflate_mutator': <function inflate_mutation.<locals>.inflate at 0x00000277DBE1A520>, 'deflate_mutator': <function deflate_mutation at 0x00000277DB8ED300>, 'p_xo': 0, 'settings_dict': {'p_test': 0.2}, 'find_elit_func': <function get_best_min at 0x00000277DB3656C0>, 'p_inflate': 0.7, 'copy_parent': True, 'operator': 'mul', 'pop_size': 20, 'seed': 45, 'p_m': 1, 'two_trees': False, 'p_deflate': 0.30000000000000004, 'FUNCTIONS': {'add': {'function': <built-in method add of type object at 0x00007FFB8B523450>, 'arity': 2}, 'subtract': {'function': <built-in method sub of type object at 0x00007FFB8B523450>, 'arity': 2}}, 'CONSTANTS': {'constant_0.613936006181931': <function slim.<locals>.<lambda> at 0x00000277DBE1B1A0>, 'constant_0.7503350595163074': <function slim.<locals>.<lambda> at 0x00000277DBE18040>, 'constant_0.9351730790299366': <function slim.<locals>.<lambda> at 0x00000277DBE198A0>, 'constant_0.3881944096681479': <function slim.<locals>.<lambda> at 0x00000277DBE1A020>, 'constant_0.3236318043736476': <function slim.<locals>.<lambda> at 0x00000277DBE1ADE0>, 'constant_0.1506283262998439': <function slim.<locals>.<lambda> at 0x00000277DBE18B80>, 'constant_0.02668125071003169': <function slim.<locals>.<lambda> at 0x00000277DBE19D00>, 'constant_0.5963213641645508': <function slim.<locals>.<lambda> at 0x00000277DBE1A660>, 'constant_0.9325288023242098': <function slim.<locals>.<lambda> at 0x00000277DBE19080>, 'constant__1.0': <function slim.<locals>.<lambda> at 0x00000277DBE19F80>}, 'p_c': 0.1, 'init_depth': 2, 'init_pop_size': 20, 'p_test': 0.2}"
2186be09-327b-11f0-95b0-88a4c2b6c82f,"{'run_info': ['SLIM*ABS', UUID('2186be09-327b-11f0-95b0-88a4c2b6c82f'), 'SLIM-GSGPsustavianfeed'], 'ffunction': <function rmse at 0x00000277DB370040>, 'max_depth': 10, 'reconstruct': False, 'n_iter': 500, 'elitism': True, 'n_elites': 2, 'log': 2, 'verbose': 0, 'n_jobs': 1, 'test_elite': True, 'log_path': './log/SLIM-GSGP/SLIM-GSGP_sustavianfeed_inner_0.csv', 'initializer': <function rhh at 0x00000277DB367920>, 'selector': <function tournament_selection_min.<locals>.ts at 0x00000277B9BC9B20>, 'crossover': <function geometric_crossover at 0x00000277DB365260>, 'ms': <function generate_random_uniform.<locals>.generate_num at 0x00000277DBA1F380>, 'inflate_mutator': <function inflate_mutation.<locals>.inflate at 0x00000277DBDE7100>, 'deflate_mutator': <function deflate_mutation at 0x00000277DB8ED300>, 'p_xo': 0, 'settings_dict': {'p_test': 0.2}, 'find_elit_func': <function get_best_min at 0x00000277DB3656C0>, 'p_inflate': 0.7, 'copy_parent': True, 'operator': 'mul', 'pop_size': 20, 'seed': 45, 'p_m': 1, 'two_trees': False, 'p_deflate': 0.30000000000000004, 'FUNCTIONS': {'add': {'function': <built-in method add of type object at 0x00007FFB8B523450>, 'arity': 2}, 'subtract': {'function': <built-in method sub of type object at 0x00007FFB8B523450>, 'arity': 2}}, 'CONSTANTS': {'constant_0.613936006181931': <function slim.<locals>.<lambda> at 0x00000277DBDE68E0>, 'constant_0.7503350595163074': <function slim.<locals>.<lambda> at 0x00000277DBDE7B00>, 'constant_0.9351730790299366': <function slim.<locals>.<lambda> at 0x00000277DBDE71A0>, 'constant_0.3881944096681479': <function slim.<locals>.<lambda> at 0x00000277DBDE5580>, 'constant_0.3236318043736476': <function slim.<locals>.<lambda> at 0x00000277DBDE5440>, 'constant_0.1506283262998439': <function slim.<locals>.<lambda> at 0x00000277DBDE5E40>, 'constant_0.02668125071003169': <function slim.<locals>.<lambda> at 0x00000277DBDE6020>, 'constant_0.5963213641645508': <function slim.<locals>.<lambda> at 0x00000277DBDE5BC0>, 'constant_0.9325288023242098': <function slim.<locals>.<lambda> at 0x00000277DBDE5800>, 'constant__1.0': <function slim.<locals>.<lambda> at 0x00000277DBDE6980>}, 'p_c': 0.1, 'init_depth': 2, 'init_pop_size': 20, 'p_test': 0.2}"
2186be09-327b-11f0-95b0-88a4c2b6c82f,"{'run_info': ['SLIM+SIG2', UUID('2186be09-327b-11f0-95b0-88a4c2b6c82f'), 'SLIM-GSGPsustavianfeed'], 'ffunction': <function rmse at 0x00000277DB370040>, 'max_depth': 10, 'reconstruct': False, 'n_iter': 500, 'elitism': True, 'n_elites': 2, 'log': 2, 'verbose': 0, 'n_jobs': 1, 'test_elite': True, 'log_path': './log/SLIM-GSGP/SLIM-GSGP_sustavianfeed_inner_1.csv', 'initializer': <function rhh at 0x00000277DB367920>, 'selector': <function tournament_selection_min.<locals>.ts at 0x00000277DBE1B420>, 'crossover': <function geometric_crossover at 0x00000277DB365260>, 'ms': <function generate_random_uniform.<locals>.generate_num at 0x00000277DB9F8C20>, 'inflate_mutator': <function inflate_mutation.<locals>.inflate at 0x00000277DBE18900>, 'deflate_mutator': <function deflate_mutation at 0x00000277DB8ED300>, 'p_xo': 0, 'settings_dict': {'p_test': 0.2}, 'find_elit_func': <function get_best_min at 0x00000277DB3656C0>, 'p_inflate': 0.7, 'copy_parent': True, 'operator': 'sum', 'pop_size': 20, 'seed': 45, 'p_m': 1, 'two_trees': True, 'p_deflate': 0.30000000000000004, 'FUNCTIONS': {'add': {'function': <built-in method add of type object at 0x00007FFB8B523450>, 'arity': 2}, 'subtract': {'function': <built-in method sub of type object at 0x00007FFB8B523450>, 'arity': 2}}, 'CONSTANTS': {'constant_0.613936006181931': <function slim.<locals>.<lambda> at 0x00000277DBE1A0C0>, 'constant_0.7503350595163074': <function slim.<locals>.<lambda> at 0x00000277DBE1ACA0>, 'constant_0.9351730790299366': <function slim.<locals>.<lambda> at 0x00000277DBE191C0>, 'constant_0.3881944096681479': <function slim.<locals>.<lambda> at 0x00000277DBE199E0>, 'constant_0.3236318043736476': <function slim.<locals>.<lambda> at 0x00000277DBE1A200>, 'constant_0.1506283262998439': <function slim.<locals>.<lambda> at 0x00000277DBE182C0>, 'constant_0.02668125071003169': <function slim.<locals>.<lambda> at 0x00000277DBE19800>, 'constant_0.5963213641645508': <function slim.<locals>.<lambda> at 0x00000277DBE18FE0>, 'constant_0.9325288023242098': <function slim.<locals>.<lambda> at 0x00000277DBE1B600>, 'constant__1.0': <function slim.<locals>.<lambda> at 0x00000277DBE1AA20>}, 'p_c': 0.1, 'init_depth': 2, 'init_pop_size': 20, 'p_test': 0.2}"
2186be09-327b-11f0-95b0-88a4c2b6c82f,"{'run_info': ['SLIM+SIG1', UUID('2186be09-327b-11f0-95b0-88a4c2b6c82f'), 'SLIM-GSGPsustavianfeed'], 'ffunction': <function rmse at 0x00000277DB370040>, 'max_depth': 10, 'reconstruct': False, 'n_iter': 500, 'elitism': True, 'n_elites': 2, 'log': 2, 'verbose': 0, 'n_jobs': 1, 'test_elite': True, 'log_path': './log/SLIM-GSGP/SLIM-GSGP_sustavianfeed_inner_1.csv', 'initializer': <function rhh at 0x00000277DB367920>, 'selector': <function tournament_selection_min.<locals>.ts at 0x00000277DBB5AFC0>, 'crossover': <function geometric_crossover at 0x00000277DB365260>, 'ms': <function generate_random_uniform.<locals>.generate_num at 0x00000277DBA1DB20>, 'inflate_mutator': <function inflate_mutation.<locals>.inflate at 0x00000277DBB5A7A0>, 'deflate_mutator': <function deflate_mutation at 0x00000277DB8ED300>, 'p_xo': 0, 'settings_dict': {'p_test': 0.2}, 'find_elit_func': <function get_best_min at 0x00000277DB3656C0>, 'p_inflate': 0.7, 'copy_parent': True, 'operator': 'sum', 'pop_size': 20, 'seed': 45, 'p_m': 1, 'two_trees': False, 'p_deflate': 0.30000000000000004, 'FUNCTIONS': {'add': {'function': <built-in method add of type object at 0x00007FFB8B523450>, 'arity': 2}, 'subtract': {'function': <built-in method sub of type object at 0x00007FFB8B523450>, 'arity': 2}}, 'CONSTANTS': {'constant_0.613936006181931': <function slim.<locals>.<lambda> at 0x00000277DBB59F80>, 'constant_0.7503350595163074': <function slim.<locals>.<lambda> at 0x00000277DBB5AD40>, 'constant_0.9351730790299366': <function slim.<locals>.<lambda> at 0x00000277DBB5B4C0>, 'constant_0.3881944096681479': <function slim.<locals>.<lambda> at 0x00000277DBB58680>, 'constant_0.3236318043736476': <function slim.<locals>.<lambda> at 0x00000277DBB58F40>, 'constant_0.1506283262998439': <function slim.<locals>.<lambda> at 0x00000277DBB5A160>, 'constant_0.02668125071003169': <function slim.<locals>.<lambda> at 0x00000277DBB59620>, 'constant_0.5963213641645508': <function slim.<locals>.<lambda> at 0x00000277DBB5B9C0>, 'constant_0.9325288023242098': <function slim.<locals>.<lambda> at 0x00000277DBB5A840>, 'constant__1.0': <function slim.<locals>.<lambda> at 0x00000277DBB58AE0>}, 'p_c': 0.1, 'init_depth': 2, 'init_pop_size': 20, 'p_test': 0.2}"
2186be09-327b-11f0-95b0-88a4c2b6c82f,"{'run_info': ['SLIM+ABS', UUID('2186be09-327b-11f0-95b0-88a4c2b6c82f'), 'SLIM-GSGPsustavianfeed'], 'ffunction': <function rmse at 0x00000277DB370040>, 'max_depth': 10, 'reconstruct': False, 'n_iter': 500, 'elitism': True, 'n_elites': 2, 'log': 2, 'verbose': 0, 'n_jobs': 1, 'test_elite': True, 'log_path': './log/SLIM-GSGP/SLIM-GSGP_sustavianfeed_inner_1.csv', 'initializer': <function rhh at 0x00000277DB367920>, 'selector': <function tournament_selection_min.<locals>.ts at 0x00000277DBB5A7A0>, 'crossover': <function geometric_crossover at 0x00000277DB365260>, 'ms': <function generate_random_uniform.<locals>.generate_num at 0x00000277D3BD71A0>, 'inflate_mutator': <function inflate_mutation.<locals>.inflate at 0x00000277DBB5BC40>, 'deflate_mutator': <function deflate_mutation at 0x00000277DB8ED300>, 'p_xo': 0, 'settings_dict': {'p_test': 0.2}, 'find_elit_func': <function get_best_min at 0x00000277DB3656C0>, 'p_inflate': 0.7, 'copy_parent': True, 'operator': 'sum', 'pop_size': 20, 'seed': 45, 'p_m': 1, 'two_trees': False, 'p_deflate': 0.30000000000000004, 'FUNCTIONS': {'add': {'function': <built-in method add of type object at 0x00007FFB8B523450>, 'arity': 2}, 'subtract': {'function': <built-in method sub of type object at 0x00007FFB8B523450>, 'arity': 2}}, 'CONSTANTS': {'constant_0.613936006181931': <function slim.<locals>.<lambda> at 0x00000277DBB58860>, 'constant_0.7503350595163074': <function slim.<locals>.<lambda> at 0x00000277DBB5B420>, 'constant_0.9351730790299366': <function slim.<locals>.<lambda> at 0x00000277DBB5ACA0>, 'constant_0.3881944096681479': <function slim.<locals>.<lambda> at 0x00000277DBB59A80>, 'constant_0.3236318043736476': <function slim.<locals>.<lambda> at 0x00000277DBB5BA60>, 'constant_0.1506283262998439': <function slim.<locals>.<lambda> at 0x00000277DBB59D00>, 'constant_0.02668125071003169': <function slim.<locals>.<lambda> at 0x00000277DBB5BBA0>, 'constant_0.5963213641645508': <function slim.<locals>.<lambda> at 0x00000277DBB58B80>, 'constant_0.9325288023242098': <function slim.<locals>.<lambda> at 0x00000277DBB5B740>, 'constant__1.0': <function slim.<locals>.<lambda> at 0x00000277DBB5A0C0>}, 'p_c': 0.1, 'init_depth': 2, 'init_pop_size': 20, 'p_test': 0.2}"
2186be09-327b-11f0-95b0-88a4c2b6c82f,"{'run_info': ['SLIM*SIG2', UUID('2186be09-327b-11f0-95b0-88a4c2b6c82f'), 'SLIM-GSGPsustavianfeed'], 'ffunction': <function rmse at 0x00000277DB370040>, 'max_depth': 10, 'reconstruct': False, 'n_iter': 500, 'elitism': True, 'n_elites': 2, 'log': 2, 'verbose': 0, 'n_jobs': 1, 'test_elite': True, 'log_path': './log/SLIM-GSGP/SLIM-GSGP_sustavianfeed_inner_1.csv', 'initializer': <function rhh at 0x00000277DB367920>, 'selector': <function tournament_selection_min.<locals>.ts at 0x00000277D3BD71A0>, 'crossover': <function geometric_crossover at 0x00000277DB365260>, 'ms': <function generate_random_uniform.<locals>.generate_num at 0x00000277DB9F8860>, 'inflate_mutator': <function inflate_mutation.<locals>.inflate at 0x00000277DB993E20>, 'deflate_mutator': <function deflate_mutation at 0x00000277DB8ED300>, 'p_xo': 0, 'settings_dict': {'p_test': 0.2}, 'find_elit_func': <function get_best_min at 0x00000277DB3656C0>, 'p_inflate': 0.7, 'copy_parent': True, 'operator': 'mul', 'pop_size': 20, 'seed': 45, 'p_m': 1, 'two_trees': True, 'p_deflate': 0.30000000000000004, 'FUNCTIONS': {'add': {'function': <built-in method add of type object at 0x00007FFB8B523450>, 'arity': 2}, 'subtract': {'function': <built-in method sub of type object at 0x00007FFB8B523450>, 'arity': 2}}, 'CONSTANTS': {'constant_0.613936006181931': <function slim.<locals>.<lambda> at 0x00000277DB9F8C20>, 'constant_0.7503350595163074': <function slim.<locals>.<lambda> at 0x00000277DB972AC0>, 'constant_0.9351730790299366': <function slim.<locals>.<lambda> at 0x00000277DBA04C20>, 'constant_0.3881944096681479': <function slim.<locals>.<lambda> at 0x00000277DBA060C0>, 'constant_0.3236318043736476': <function slim.<locals>.<lambda> at 0x00000277DB94D440>, 'constant_0.1506283262998439': <function slim.<locals>.<lambda> at 0x00000277DB94E3E0>, 'constant_0.02668125071003169': <function slim.<locals>.<lambda> at 0x00000277DB94F420>, 'constant_0.5963213641645508': <function slim.<locals>.<lambda> at 0x00000277DB94D6C0>, 'constant_0.9325288023242098': <function slim.<locals>.<lambda> at 0x00000277DB94F9C0>, 'constant__1.0': <function slim.<locals>.<lambda> at 0x00000277DB990720>}, 'p_c': 0.1, 'init_depth': 2, 'init_pop_size': 20, 'p_test': 0.2}"
2186be09-327b-11f0-95b0-88a4c2b6c82f,"{'run_info': ['SLIM*SIG1', UUID('2186be09-327b-11f0-95b0-88a4c2b6c82f'), 'SLIM-GSGPsustavianfeed'], 'ffunction': <function rmse at 0x00000277DB370040>, 'max_depth': 10, 'reconstruct': False, 'n_iter': 500, 'elitism': True, 'n_elites': 2, 'log': 2, 'verbose': 0, 'n_jobs': 1, 'test_elite': True, 'log_path': './log/SLIM-GSGP/SLIM-GSGP_sustavianfeed_inner_1.csv', 'initializer': <function rhh at 0x00000277DB367920>, 'selector': <function tournament_selection_min.<locals>.ts at 0x00000277DB9F8860>, 'crossover': <function geometric_crossover at 0x00000277DB365260>, 'ms': <function generate_random_uniform.<locals>.generate_num at 0x00000277DBA31300>, 'inflate_mutator': <function inflate_mutation.<locals>.inflate at 0x00000277DB9E1760>, 'deflate_mutator': <function deflate_mutation at 0x00000277DB8ED300>, 'p_xo': 0, 'settings_dict': {'p_test': 0.2}, 'find_elit_func': <function get_best_min at 0x00000277DB3656C0>, 'p_inflate': 0.7, 'copy_parent': True, 'operator': 'mul', 'pop_size': 20, 'seed': 45, 'p_m': 1, 'two_trees': False, 'p_deflate': 0.30000000000000004, 'FUNCTIONS': {'add': {'function': <built-in method add of type object at 0x00007FFB8B523450>, 'arity': 2}, 'subtract': {'function': <built-in method sub of type object at 0x00007FFB8B523450>, 'arity': 2}}, 'CONSTANTS': {'constant_0.613936006181931': <function slim.<locals>.<lambda> at 0x00000277DBE38180>, 'constant_0.7503350595163074': <function slim.<locals>.<lambda> at 0x00000277DB8EDA80>, 'constant_0.9351730790299366': <function slim.<locals>.<lambda> at 0x00000277DB8ECE00>, 'constant_0.3881944096681479': <function slim.<locals>.<lambda> at 0x00000277DB8ED760>, 'constant_0.3236318043736476': <function slim.<locals>.<lambda> at 0x00000277DB8ED8A0>, 'constant_0.1506283262998439': <function slim.<locals>.<lambda> at 0x00000277DB9F9120>, 'constant_0.02668125071003169': <function slim.<locals>.<lambda> at 0x00000277B9BC9B20>, 'constant_0.5963213641645508': <function slim.<locals>.<lambda> at 0x00000277B9BC8EA0>, 'constant_0.9325288023242098': <function slim.<locals>.<lambda> at 0x00000277DB9E0220>, 'constant__1.0': <function slim.<locals>.<lambda> at 0x00000277DB9E3060>}, 'p_c': 0.1, 'init_depth': 2, 'init_pop_size': 20, 'p_test': 0.2}"
2186be09-327b-11f0-95b0-88a4c2b6c82f,"{'run_info': ['SLIM*ABS', UUID('2186be09-327b-11f0-95b0-88a4c2b6c82f'), 'SLIM-GSGPsustavianfeed'], 'ffunction': <function rmse at 0x00000277DB370040>, 'max_depth': 10, 'reconstruct': False, 'n_iter': 500, 'elitism': True, 'n_elites': 2, 'log': 2, 'verbose': 0, 'n_jobs': 1, 'test_elite': True, 'log_path': './log/SLIM-GSGP/SLIM-GSGP_sustavianfeed_inner_1.csv', 'initializer': <function rhh at 0x00000277DB367920>, 'selector': <function tournament_selection_min.<locals>.ts at 0x00000277DBB5AB60>, 'crossover': <function geometric_crossover at 0x00000277DB365260>, 'ms': <function generate_random_uniform.<locals>.generate_num at 0x00000277DB8ED9E0>, 'inflate_mutator': <function inflate_mutation.<locals>.inflate at 0x00000277DBB59EE0>, 'deflate_mutator': <function deflate_mutation at 0x00000277DB8ED300>, 'p_xo': 0, 'settings_dict': {'p_test': 0.2}, 'find_elit_func': <function get_best_min at 0x00000277DB3656C0>, 'p_inflate': 0.7, 'copy_parent': True, 'operator': 'mul', 'pop_size': 20, 'seed': 45, 'p_m': 1, 'two_trees': False, 'p_deflate': 0.30000000000000004, 'FUNCTIONS': {'add': {'function': <built-in method add of type object at 0x00007FFB8B523450>, 'arity': 2}, 'subtract': {'function': <built-in method sub of type object at 0x00007FFB8B523450>, 'arity': 2}}, 'CONSTANTS': {'constant_0.613936006181931': <function slim.<locals>.<lambda> at 0x00000277DBB59F80>, 'constant_0.7503350595163074': <function slim.<locals>.<lambda> at 0x00000277DBB5AE80>, 'constant_0.9351730790299366': <function slim.<locals>.<lambda> at 0x00000277DBB59D00>, 'constant_0.3881944096681479': <function slim.<locals>.<lambda> at 0x00000277DBB5B6A0>, 'constant_0.3236318043736476': <function slim.<locals>.<lambda> at 0x00000277DBB59620>, 'constant_0.1506283262998439': <function slim.<locals>.<lambda> at 0x00000277DBB58F40>, 'constant_0.02668125071003169': <function slim.<locals>.<lambda> at 0x00000277DBB5ADE0>, 'constant_0.5963213641645508': <function slim.<locals>.<lambda> at 0x00000277DBB59B20>, 'constant_0.9325288023242098': <function slim.<locals>.<lambda> at 0x00000277DBB58040>, 'constant__1.0': <function slim.<locals>.<lambda> at 0x00000277DBB58B80>}, 'p_c': 0.1, 'init_depth': 2, 'init_pop_size': 20, 'p_test': 0.2}"
2186be09-327b-11f0-95b0-88a4c2b6c82f,"{'run_info': ['SLIM+SIG2', UUID('2186be09-327b-11f0-95b0-88a4c2b6c82f'), 'SLIM-GSGPsustavianfeed'], 'ffunction': <function rmse at 0x00000277DB370040>, 'max_depth': 10, 'reconstruct': False, 'n_iter': 500, 'elitism': True, 'n_elites': 2, 'log': 2, 'verbose': 0, 'n_jobs': 1, 'test_elite': True, 'log_path': './log/SLIM-GSGP/SLIM-GSGP_sustavianfeed_inner_2.csv', 'initializer': <function rhh at 0x00000277DB367920>, 'selector': <function tournament_selection_min.<locals>.ts at 0x00000277DB8ED9E0>, 'crossover': <function geometric_crossover at 0x00000277DB365260>, 'ms': <function generate_random_uniform.<locals>.generate_num at 0x00000277DBB56CA0>, 'inflate_mutator': <function inflate_mutation.<locals>.inflate at 0x00000277DBB55800>, 'deflate_mutator': <function deflate_mutation at 0x00000277DB8ED300>, 'p_xo': 0, 'settings_dict': {'p_test': 0.2}, 'find_elit_func': <function get_best_min at 0x00000277DB3656C0>, 'p_inflate': 0.7, 'copy_parent': True, 'operator': 'sum', 'pop_size': 20, 'seed': 45, 'p_m': 1, 'two_trees': True, 'p_deflate': 0.30000000000000004, 'FUNCTIONS': {'add': {'function': <built-in method add of type object at 0x00007FFB8B523450>, 'arity': 2}, 'subtract': {'function': <built-in method sub of type object at 0x00007FFB8B523450>, 'arity': 2}}, 'CONSTANTS': {'constant_0.613936006181931': <function slim.<locals>.<lambda> at 0x00000277DBB54C20>, 'constant_0.7503350595163074': <function slim.<locals>.<lambda> at 0x00000277DBB568E0>, 'constant_0.9351730790299366': <function slim.<locals>.<lambda> at 0x00000277DBB54720>, 'constant_0.3881944096681479': <function slim.<locals>.<lambda> at 0x00000277DBB55580>, 'constant_0.3236318043736476': <function slim.<locals>.<lambda> at 0x00000277DBB55620>, 'constant_0.1506283262998439': <function slim.<locals>.<lambda> at 0x00000277DBB55940>, 'constant_0.02668125071003169': <function slim.<locals>.<lambda> at 0x00000277DBB576A0>, 'constant_0.5963213641645508': <function slim.<locals>.<lambda> at 0x00000277DBB556C0>, 'constant_0.9325288023242098': <function slim.<locals>.<lambda> at 0x00000277DBB56020>, 'constant__1.0': <function slim.<locals>.<lambda> at 0x00000277DBB55D00>}, 'p_c': 0.1, 'init_depth': 2, 'init_pop_size': 20, 'p_test': 0.2}"
2186be09-327b-11f0-95b0-88a4c2b6c82f,"{'run_info': ['SLIM+SIG1', UUID('2186be09-327b-11f0-95b0-88a4c2b6c82f'), 'SLIM-GSGPsustavianfeed'], 'ffunction': <function rmse at 0x00000277DB370040>, 'max_depth': 10, 'reconstruct': False, 'n_iter': 500, 'elitism': True, 'n_elites': 2, 'log': 2, 'verbose': 0, 'n_jobs': 1, 'test_elite': True, 'log_path': './log/SLIM-GSGP/SLIM-GSGP_sustavianfeed_inner_2.csv', 'initializer': <function rhh at 0x00000277DB367920>, 'selector': <function tournament_selection_min.<locals>.ts at 0x00000277DBE39C60>, 'crossover': <function geometric_crossover at 0x00000277DB365260>, 'ms': <function generate_random_uniform.<locals>.generate_num at 0x00000277DB94F420>, 'inflate_mutator': <function inflate_mutation.<locals>.inflate at 0x00000277DBE3AFC0>, 'deflate_mutator': <function deflate_mutation at 0x00000277DB8ED300>, 'p_xo': 0, 'settings_dict': {'p_test': 0.2}, 'find_elit_func': <function get_best_min at 0x00000277DB3656C0>, 'p_inflate': 0.7, 'copy_parent': True, 'operator': 'sum', 'pop_size': 20, 'seed': 45, 'p_m': 1, 'two_trees': False, 'p_deflate': 0.30000000000000004, 'FUNCTIONS': {'add': {'function': <built-in method add of type object at 0x00007FFB8B523450>, 'arity': 2}, 'subtract': {'function': <built-in method sub of type object at 0x00007FFB8B523450>, 'arity': 2}}, 'CONSTANTS': {'constant_0.613936006181931': <function slim.<locals>.<lambda> at 0x00000277DBE3A200>, 'constant_0.7503350595163074': <function slim.<locals>.<lambda> at 0x00000277DBE396C0>, 'constant_0.9351730790299366': <function slim.<locals>.<lambda> at 0x00000277DBE3B740>, 'constant_0.3881944096681479': <function slim.<locals>.<lambda> at 0x00000277DBE38AE0>, 'constant_0.3236318043736476': <function slim.<locals>.<lambda> at 0x00000277DBE38900>, 'constant_0.1506283262998439': <function slim.<locals>.<lambda> at 0x00000277DBE38A40>, 'constant_0.02668125071003169': <function slim.<locals>.<lambda> at 0x00000277DBE384A0>, 'constant_0.5963213641645508': <function slim.<locals>.<lambda> at 0x00000277DBE3B6A0>, 'constant_0.9325288023242098': <function slim.<locals>.<lambda> at 0x00000277DBE3A660>, 'constant__1.0': <function slim.<locals>.<lambda> at 0x00000277DBE3A020>}, 'p_c': 0.1, 'init_depth': 2, 'init_pop_size': 20, 'p_test': 0.2}"
2186be09-327b-11f0-95b0-88a4c2b6c82f,"{'run_info': ['SLIM+ABS', UUID('2186be09-327b-11f0-95b0-88a4c2b6c82f'), 'SLIM-GSGPsustavianfeed'], 'ffunction': <function rmse at 0x00000277DB370040>, 'max_depth': 10, 'reconstruct': False, 'n_iter': 500, 'elitism': True, 'n_elites': 2, 'log': 2, 'verbose': 0, 'n_jobs': 1, 'test_elite': True, 'log_path': './log/SLIM-GSGP/SLIM-GSGP_sustavianfeed_inner_2.csv', 'initializer': <function rhh at 0x00000277DB367920>, 'selector': <function tournament_selection_min.<locals>.ts at 0x00000277DBB560C0>, 'crossover': <function geometric_crossover at 0x00000277DB365260>, 'ms': <function generate_random_uniform.<locals>.generate_num at 0x00000277DB993A60>, 'inflate_mutator': <function inflate_mutation.<locals>.inflate at 0x00000277DBB55440>, 'deflate_mutator': <function deflate_mutation at 0x00000277DB8ED300>, 'p_xo': 0, 'settings_dict': {'p_test': 0.2}, 'find_elit_func': <function get_best_min at 0x00000277DB3656C0>, 'p_inflate': 0.7, 'copy_parent': True, 'operator': 'sum', 'pop_size': 20, 'seed': 45, 'p_m': 1, 'two_trees': False, 'p_deflate': 0.30000000000000004, 'FUNCTIONS': {'add': {'function': <built-in method add of type object at 0x00007FFB8B523450>, 'arity': 2}, 'subtract': {'function': <built-in method sub of type object at 0x00007FFB8B523450>, 'arity': 2}}, 'CONSTANTS': {'constant_0.613936006181931': <function slim.<locals>.<lambda> at 0x00000277DBB551C0>, 'constant_0.7503350595163074': <function slim.<locals>.<lambda> at 0x00000277DBB572E0>, 'constant_0.9351730790299366': <function slim.<locals>.<lambda> at 0x00000277DBB554E0>, 'constant_0.3881944096681479': <function slim.<locals>.<lambda> at 0x00000277DBB57E20>, 'constant_0.3236318043736476': <function slim.<locals>.<lambda> at 0x00000277DBB56A20>, 'constant_0.1506283262998439': <function slim.<locals>.<lambda> at 0x00000277DBB563E0>, 'constant_0.02668125071003169': <function slim.<locals>.<lambda> at 0x00000277DBB54D60>, 'constant_0.5963213641645508': <function slim.<locals>.<lambda> at 0x00000277DBB55E40>, 'constant_0.9325288023242098': <function slim.<locals>.<lambda> at 0x00000277DBB56D40>, 'constant__1.0': <function slim.<locals>.<lambda> at 0x00000277DBB545E0>}, 'p_c': 0.1, 'init_depth': 2, 'init_pop_size': 20, 'p_test': 0.2}"
2186be09-327b-11f0-95b0-88a4c2b6c82f,"{'run_info': ['SLIM*SIG2', UUID('2186be09-327b-11f0-95b0-88a4c2b6c82f'), 'SLIM-GSGPsustavianfeed'], 'ffunction': <function rmse at 0x00000277DB370040>, 'max_depth': 10, 'reconstruct': False, 'n_iter': 500, 'elitism': True, 'n_elites': 2, 'log': 2, 'verbose': 0, 'n_jobs': 1, 'test_elite': True, 'log_path': './log/SLIM-GSGP/SLIM-GSGP_sustavianfeed_inner_2.csv', 'initializer': <function rhh at 0x00000277DB367920>, 'selector': <function tournament_selection_min.<locals>.ts at 0x00000277DBDE56C0>, 'crossover': <function geometric_crossover at 0x00000277DB365260>, 'ms': <function generate_random_uniform.<locals>.generate_num at 0x00000277DB8CBA60>, 'inflate_mutator': <function inflate_mutation.<locals>.inflate at 0x00000277DBDE5BC0>, 'deflate_mutator': <function deflate_mutation at 0x00000277DB8ED300>, 'p_xo': 0, 'settings_dict': {'p_test': 0.2}, 'find_elit_func': <function get_best_min at 0x00000277DB3656C0>, 'p_inflate': 0.7, 'copy_parent': True, 'operator': 'mul', 'pop_size': 20, 'seed': 45, 'p_m': 1, 'two_trees': True, 'p_deflate': 0.30000000000000004, 'FUNCTIONS': {'add': {'function': <built-in method add of type object at 0x00007FFB8B523450>, 'arity': 2}, 'subtract': {'function': <built-in method sub of type object at 0x00007FFB8B523450>, 'arity': 2}}, 'CONSTANTS': {'constant_0.613936006181931': <function slim.<locals>.<lambda> at 0x00000277DBDE7100>, 'constant_0.7503350595163074': <function slim.<locals>.<lambda> at 0x00000277DBDE6AC0>, 'constant_0.9351730790299366': <function slim.<locals>.<lambda> at 0x00000277DBDE5800>, 'constant_0.3881944096681479': <function slim.<locals>.<lambda> at 0x00000277DBDE54E0>, 'constant_0.3236318043736476': <function slim.<locals>.<lambda> at 0x00000277DBDE74C0>, 'constant_0.1506283262998439': <function slim.<locals>.<lambda> at 0x00000277DBDE7560>, 'constant_0.02668125071003169': <function slim.<locals>.<lambda> at 0x00000277DBDE68E0>, 'constant_0.5963213641645508': <function slim.<locals>.<lambda> at 0x00000277DBDE7B00>, 'constant_0.9325288023242098': <function slim.<locals>.<lambda> at 0x00000277DBDE77E0>, 'constant__1.0': <function slim.<locals>.<lambda> at 0x00000277DBDE5F80>}, 'p_c': 0.1, 'init_depth': 2, 'init_pop_size': 20, 'p_test': 0.2}"
2186be09-327b-11f0-95b0-88a4c2b6c82f,"{'run_info': ['SLIM*SIG1', UUID('2186be09-327b-11f0-95b0-88a4c2b6c82f'), 'SLIM-GSGPsustavianfeed'], 'ffunction': <function rmse at 0x00000277DB370040>, 'max_depth': 10, 'reconstruct': False, 'n_iter': 500, 'elitism': True, 'n_elites': 2, 'log': 2, 'verbose': 0, 'n_jobs': 1, 'test_elite': True, 'log_path': './log/SLIM-GSGP/SLIM-GSGP_sustavianfeed_inner_2.csv', 'initializer': <function rhh at 0x00000277DB367920>, 'selector': <function tournament_selection_min.<locals>.ts at 0x00000277DBDE5BC0>, 'crossover': <function geometric_crossover at 0x00000277DB365260>, 'ms': <function generate_random_uniform.<locals>.generate_num at 0x00000277DB94D440>, 'inflate_mutator': <function inflate_mutation.<locals>.inflate at 0x00000277DB9E2840>, 'deflate_mutator': <function deflate_mutation at 0x00000277DB8ED300>, 'p_xo': 0, 'settings_dict': {'p_test': 0.2}, 'find_elit_func': <function get_best_min at 0x00000277DB3656C0>, 'p_inflate': 0.7, 'copy_parent': True, 'operator': 'mul', 'pop_size': 20, 'seed': 45, 'p_m': 1, 'two_trees': False, 'p_deflate': 0.30000000000000004, 'FUNCTIONS': {'add': {'function': <built-in method add of type object at 0x00007FFB8B523450>, 'arity': 2}, 'subtract': {'function': <built-in method sub of type object at 0x00007FFB8B523450>, 'arity': 2}}, 'CONSTANTS': {'constant_0.613936006181931': <function slim.<locals>.<lambda> at 0x00000277DBA1F060>, 'constant_0.7503350595163074': <function slim.<locals>.<lambda> at 0x00000277DB9E2C00>, 'constant_0.9351730790299366': <function slim.<locals>.<lambda> at 0x00000277DB9E19E0>, 'constant_0.3881944096681479': <function slim.<locals>.<lambda> at 0x00000277DB9E2340>, 'constant_0.3236318043736476': <function slim.<locals>.<lambda> at 0x00000277DB9E0FE0>, 'constant_0.1506283262998439': <function slim.<locals>.<lambda> at 0x00000277DB9E1EE0>, 'constant_0.02668125071003169': <function slim.<locals>.<lambda> at 0x00000277DB9E3600>, 'constant_0.5963213641645508': <function slim.<locals>.<lambda> at 0x00000277DB9E2200>, 'constant_0.9325288023242098': <function slim.<locals>.<lambda> at 0x00000277DB9E31A0>, 'constant__1.0': <function slim.<locals>.<lambda> at 0x00000277DB9E1760>}, 'p_c': 0.1, 'init_depth': 2, 'init_pop_size': 20, 'p_test': 0.2}"
2186be09-327b-11f0-95b0-88a4c2b6c82f,"{'run_info': ['SLIM*ABS', UUID('2186be09-327b-11f0-95b0-88a4c2b6c82f'), 'SLIM-GSGPsustavianfeed'], 'ffunction': <function rmse at 0x00000277DB370040>, 'max_depth': 10, 'reconstruct': False, 'n_iter': 500, 'elitism': True, 'n_elites': 2, 'log': 2, 'verbose': 0, 'n_jobs': 1, 'test_elite': True, 'log_path': './log/SLIM-GSGP/SLIM-GSGP_sustavianfeed_inner_2.csv', 'initializer': <function rhh at 0x00000277DB367920>, 'selector': <function tournament_selection_min.<locals>.ts at 0x00000277DB94D440>, 'crossover': <function geometric_crossover at 0x00000277DB365260>, 'ms': <function generate_random_uniform.<locals>.generate_num at 0x00000277DB94F9C0>, 'inflate_mutator': <function inflate_mutation.<locals>.inflate at 0x00000277DBB5B060>, 'deflate_mutator': <function deflate_mutation at 0x00000277DB8ED300>, 'p_xo': 0, 'settings_dict': {'p_test': 0.2}, 'find_elit_func': <function get_best_min at 0x00000277DB3656C0>, 'p_inflate': 0.7, 'copy_parent': True, 'operator': 'mul', 'pop_size': 20, 'seed': 45, 'p_m': 1, 'two_trees': False, 'p_deflate': 0.30000000000000004, 'FUNCTIONS': {'add': {'function': <built-in method add of type object at 0x00007FFB8B523450>, 'arity': 2}, 'subtract': {'function': <built-in method sub of type object at 0x00007FFB8B523450>, 'arity': 2}}, 'CONSTANTS': {'constant_0.613936006181931': <function slim.<locals>.<lambda> at 0x00000277DBB5BCE0>, 'constant_0.7503350595163074': <function slim.<locals>.<lambda> at 0x00000277DBB5A020>, 'constant_0.9351730790299366': <function slim.<locals>.<lambda> at 0x00000277DBB5AB60>, 'constant_0.3881944096681479': <function slim.<locals>.<lambda> at 0x00000277DBB58E00>, 'constant_0.3236318043736476': <function slim.<locals>.<lambda> at 0x00000277DBB5AF20>, 'constant_0.1506283262998439': <function slim.<locals>.<lambda> at 0x00000277DBB5AAC0>, 'constant_0.02668125071003169': <function slim.<locals>.<lambda> at 0x00000277DBB58540>, 'constant_0.5963213641645508': <function slim.<locals>.<lambda> at 0x00000277DBB59300>, 'constant_0.9325288023242098': <function slim.<locals>.<lambda> at 0x00000277DBB5AD40>, 'constant__1.0': <function slim.<locals>.<lambda> at 0x00000277DBB59A80>}, 'p_c': 0.1, 'init_depth': 2, 'init_pop_size': 20, 'p_test': 0.2}"
2186be09-327b-11f0-95b0-88a4c2b6c82f,"{'run_info': ['SLIM*SIG2', UUID('2186be09-327b-11f0-95b0-88a4c2b6c82f'), 'SLIM-GSGPsustavianfeed'], 'ffunction': <function rmse at 0x00000277DB370040>, 'max_depth': 10, 'reconstruct': False, 'n_iter': 500, 'elitism': True, 'n_elites': 2, 'log': 2, 'verbose': 0, 'n_jobs': 1, 'test_elite': True, 'log_path': './log/SLIM-GSGP/SLIM-GSGP_sustavianfeed_outer_1.csv', 'initializer': <function rhh at 0x00000277DB367920>, 'selector': <function tournament_selection_min.<locals>.ts at 0x00000277DBB55E40>, 'crossover': <function geometric_crossover at 0x00000277DB365260>, 'ms': <function generate_random_uniform.<locals>.generate_num at 0x00000277DBB563E0>, 'inflate_mutator': <function inflate_mutation.<locals>.inflate at 0x00000277DBB55260>, 'deflate_mutator': <function deflate_mutation at 0x00000277DB8ED300>, 'p_xo': 0, 'settings_dict': {'p_test': 0.2}, 'find_elit_func': <function get_best_min at 0x00000277DB3656C0>, 'p_inflate': 0.7, 'copy_parent': True, 'operator': 'mul', 'pop_size': 20, 'seed': 44, 'p_m': 1, 'two_trees': True, 'p_deflate': 0.30000000000000004, 'FUNCTIONS': {'add': {'function': <built-in method add of type object at 0x00007FFB8B523450>, 'arity': 2}, 'subtract': {'function': <built-in method sub of type object at 0x00007FFB8B523450>, 'arity': 2}}, 'CONSTANTS': {'constant_0.613936006181931': <function slim.<locals>.<lambda> at 0x00000277DBB560C0>, 'constant_0.7503350595163074': <function slim.<locals>.<lambda> at 0x00000277DBB56C00>, 'constant_0.9351730790299366': <function slim.<locals>.<lambda> at 0x00000277DBB54680>, 'constant_0.3881944096681479': <function slim.<locals>.<lambda> at 0x00000277DBB54180>, 'constant_0.3236318043736476': <function slim.<locals>.<lambda> at 0x00000277DBB54D60>, 'constant_0.1506283262998439': <function slim.<locals>.<lambda> at 0x00000277DBB55DA0>, 'constant_0.02668125071003169': <function slim.<locals>.<lambda> at 0x00000277DBB545E0>, 'constant_0.5963213641645508': <function slim.<locals>.<lambda> at 0x00000277DBB55440>, 'constant_0.9325288023242098': <function slim.<locals>.<lambda> at 0x00000277DBB56F20>, 'constant__1.0': <function slim.<locals>.<lambda> at 0x00000277DBB551C0>}, 'p_c': 0.1, 'init_depth': 2, 'init_pop_size': 20, 'p_test': 0.2}"
